{
  "type": "minecraft:tree",
  "config": {
    "force_dirt": false,
    "ignore_vines": true,
    "minimum_size": {
      "type": "minecraft:two_layers_feature_size",
      "limit": 1,
      "lower_size": 1,
      "upper_size": 2
    },
    "dirt_provider": {
      "type": "minecraft:simple_state_provider",
      "state": {
        "Name": "minecraft:lime_glazed_terracotta",
        "Properties": {
          "facing": "north"
        }
      }
    },
    "trunk_provider": {
      "type": "minecraft:simple_state_provider",
      "state": {
        "Name": "zoe_mod:psychedelic_log"
      }
    },
    "foliage_provider": {
      "type": "minecraft:simple_state_provider",
      "state": {
        "Name": "zoe_mod:psychedelic_leaves",
        "Properties": {
          "waterlogged": "false"
        }
      }
    },
    "trunk_placer": {
      "type": "minecraft:giant_trunk_placer",
      "base_height": 8,
      "height_rand_a": 2,
      "height_rand_b": 14
    },
    "foliage_placer": {
      "type": "minecraft:mega_pine_foliage_placer",
      "radius": 0,
      "offset": 0,
      "crown_height": {
        "type": "minecraft:uniform",
        "value": {
          "min_inclusive": 13,
          "max_inclusive": 17
        }
      }
    },
    "decorators": [
      {
        "type": "zoe_mod:psychedelic_forest_tree_trunk_decorator"
      },
      {
        "type": "zoe_mod:psychedelic_forest_tree_leave_decorator"
      }
    ]
  }
}