{
  "_fv": 60,
  "_type": "biome",
  "definition": {
    "name": "Drifter Woods",
    "groundBlock": {
      "value": "Blocks.GRASS"
    },
    "undergroundBlock": {
      "value": "Blocks.BLACKSTONE"
    },
    "underwaterBlock": {
      "value": ""
    },
    "airColor": {
      "value": -16777216,
      "falpha": 0.0
    },
    "grassColor": {
      "value": -16763602,
      "falpha": 0.0
    },
    "foliageColor": {
      "value": -16767969,
      "falpha": 0.0
    },
    "waterColor": {
      "value": -16777216,
      "falpha": 0.0
    },
    "waterFogColor": {
      "value": -16777216,
      "falpha": 0.0
    },
    "ambientSound": {
      "value": ""
    },
    "additionsSound": {
      "value": ""
    },
    "music": {
      "value": ""
    },
    "moodSound": {
      "value": ""
    },
    "moodSoundDelay": 6000,
    "spawnParticles": true,
    "particleToSpawn": {
      "value": "SQUID_INK"
    },
    "particlesProbability": 1.0,
    "rainingPossibility": 0.7999999999999999,
    "temperature": 1.3,
    "spawnBiome": false,
    "spawnInCaves": false,
    "spawnBiomeNether": false,
    "genTemperature": {
      "min": -0.5,
      "max": 1.0
    },
    "genHumidity": {
      "min": -0.5,
      "max": 1.0
    },
    "genContinentalness": {
      "min": 0.5,
      "max": 1.0021
    },
    "genErosion": {
      "min": -0.5,
      "max": 0.4999
    },
    "genWeirdness": {
      "min": -0.5,
      "max": 1.0
    },
    "treesPerChunk": 10,
    "vanillaTreeType": "Big trees",
    "treeType": 1,
    "minHeight": 15,
    "treeStem": {
      "value": "CUSTOM:DrifterWood"
    },
    "treeBranch": {
      "value": "CUSTOM:DriftWoodLeaves"
    },
    "treeVines": {
      "value": "Blocks.VINE"
    },
    "treeFruits": {
      "value": "Blocks.VINE"
    },
    "defaultFeatures": [
      "Caves",
      "Ores",
      "JungleGrass",
      "PlainsTallGrass",
      "TaigaLargeFerns"
    ],
    "spawnStronghold": false,
    "spawnMineshaft": true,
    "spawnMineshaftMesa": false,
    "spawnPillagerOutpost": false,
    "villageType": "none",
    "spawnWoodlandMansion": false,
    "spawnJungleTemple": false,
    "spawnDesertPyramid": false,
    "spawnSwampHut": false,
    "spawnIgloo": false,
    "spawnOceanMonument": false,
    "spawnShipwreck": false,
    "spawnShipwreckBeached": true,
    "spawnBuriedTreasure": false,
    "oceanRuinType": "COLD",
    "spawnNetherBridge": false,
    "spawnNetherFossil": true,
    "spawnBastionRemnant": false,
    "spawnEndCity": false,
    "spawnRuinedPortal": "NONE",
    "spawnEntries": [
      {
        "entity": {
          "value": "CUSTOM:Drifter"
        },
        "minGroup": 2,
        "maxGroup": 6,
        "weight": 20,
        "spawnType": "creature"
      },
      {
        "entity": {
          "value": "CUSTOM:GlowShroomer"
        },
        "minGroup": 1,
        "maxGroup": 3,
        "weight": 20,
        "spawnType": "creature"
      }
    ]
  }
}