{
  "_fv": 60,
  "_type": "achievement",
  "definition": {
    "achievementName": "Off to the dark",
    "achievementDescription": "Enter the Drifter Dimension",
    "achievementIcon": {
      "value": "CUSTOM:DrifterHand"
    },
    "background": "Default",
    "disableDisplay": false,
    "showPopup": true,
    "announceToChat": true,
    "hideIfNotCompleted": false,
    "rewardLoot": [],
    "rewardRecipes": [
      "SapPickRecipe",
      "SapPickaxeRecipe",
      "SapAxeRecip",
      "SapSwordREcipe",
      "GlowshroomHeadRecipe",
      "GlowshroomHelmetRecipe",
      "GlowShroomLeggingsRecipe",
      "GlowShroomChestPlateRecipe",
      "Glowshroombootsrecipe",
      "Driftwoodplanksrecipe",
      "Driftwoodstickrecipe",
      "GlowShroomCrossbowRecipe"
    ],
    "rewardFunction": "No function",
    "rewardXP": 10,
    "achievementType": "goal",
    "parent": {
      "value": "No parent: root"
    },
    "triggerxml": "<xml xmlns=\"https://developers.google.com/blockly/xml\"><block type=\"advancement_trigger\" deletable=\"false\" x=\"40\" y=\"80\"><next><block type=\"dimension_entered\"><field name=\"dimension\">CUSTOM:DrifterDimension</field></block></next></block></xml>"
  }
}