{
  "_fv": 60,
  "_type": "recipe",
  "definition": {
    "recipeType": "Crafting",
    "recipeRetstackSize": 1,
    "group": "",
    "cookingBookCategory": "MISC",
    "xpReward": 0.0,
    "cookingTime": 200,
    "craftingBookCategory": "MISC",
    "recipeShapeless": false,
    "recipeSlots": [
      {
        "value": ""
      },
      {
        "value": "Items.TOTEM_OF_UNDYING"
      },
      {
        "value": ""
      },
      {
        "value": ""
      },
      {
        "value": "Items.BOOK"
      },
      {
        "value": ""
      },
      {
        "value": ""
      },
      {
        "value": "Blocks.SCULK"
      },
      {
        "value": ""
      }
    ],
    "recipeReturnStack": {
      "value": "CUSTOM:DrifterDimension"
    },
    "name": "drifter_portal_ignitor_rec",
    "namespace": "mod"
  }
}