{
  "_fv": 60,
  "_type": "dimension",
  "definition": {
    "biomesInDimension": [
      {
        "value": "CUSTOM:DrifterWoods"
      }
    ],
    "worldGenType": "Normal world gen",
    "mainFillerBlock": {
      "value": "Blocks.BLACKSTONE"
    },
    "fluidBlock": {
      "value": "Blocks.FLOWING_WATER"
    },
    "airColor": {
      "value": -16777216,
      "falpha": 0.0
    },
    "canRespawnHere": false,
    "hasFog": true,
    "isDark": true,
    "doesWaterVaporize": false,
    "sleepResult": "DENY",
    "hasSkyLight": false,
    "imitateOverworldBehaviour": true,
    "onPlayerEntersDimension": {
      "name": "DrifterDimensionPlayerEntersDimension"
    },
    "onPlayerLeavesDimension": {
      "name": "DrifterDimensionPlayerLeavesDimension"
    },
    "portalFrame": {
      "value": "Blocks.CHISELED_DEEPSLATE"
    },
    "portalParticles": {
      "value": "SQUID_INK"
    },
    "portalLuminance": 0,
    "portalSound": {
      "value": "block.portal.ambient"
    },
    "enableIgniter": true,
    "igniterName": "Dead Drifter Totem",
    "igniterRarity": "EPIC",
    "specialInformation": {
      "fixedValue": []
    },
    "igniterTab": {
      "value": "TOOLS"
    },
    "texture": "dead_drifter_totem",
    "portalTexture": "drifter_vines",
    "enablePortal": true
  }
}