{
  "_fv": 60,
  "_type": "recipe",
  "definition": {
    "recipeType": "Crafting",
    "recipeRetstackSize": 1,
    "group": "",
    "cookingBookCategory": "MISC",
    "xpReward": 0.0,
    "cookingTime": 200,
    "craftingBookCategory": "MISC",
    "recipeShapeless": false,
    "recipeSlots": [
      {
        "value": "CUSTOM:Glowshroom"
      },
      {
        "value": ""
      },
      {
        "value": "CUSTOM:Glowshroom"
      },
      {
        "value": "CUSTOM:Glowshroom"
      },
      {
        "value": "CUSTOM:GlowshroomHead"
      },
      {
        "value": "CUSTOM:Glowshroom"
      },
      {
        "value": "CUSTOM:Glowshroom"
      },
      {
        "value": "CUSTOM:Glowshroom"
      },
      {
        "value": "CUSTOM:Glowshroom"
      }
    ],
    "recipeReturnStack": {
      "value": "CUSTOM:GlowShroomArmor.body"
    },
    "name": "glow_shroom_chest_plate_recipe",
    "namespace": "mod"
  }
}