{
  "_fv": 60,
  "_type": "livingentity",
  "definition": {
    "mobName": "Glow Shroomer",
    "mobLabel": "",
    "mobModelName": "Biped",
    "mobModelTexture": "38df456d7a355600de20e39372749eb18ac4d117.png",
    "transparentModelCondition": {
      "fixedValue": false
    },
    "isShakingCondition": {
      "fixedValue": false
    },
    "solidBoundingBox": {
      "fixedValue": false
    },
    "visualScale": {
      "fixedValue": 1.0
    },
    "boundingBoxScale": {
      "fixedValue": 1.0
    },
    "modelLayers": [],
    "modelWidth": 0.6,
    "modelHeight": 1.8,
    "modelShadowSize": 0.5,
    "mountedYOffset": 0.0,
    "hasSpawnEgg": true,
    "spawnEggBaseColor": {
      "value": -16764365,
      "falpha": 0.0
    },
    "spawnEggDotColor": {
      "value": -4456467,
      "falpha": 0.0
    },
    "creativeTab": {
      "value": "MISC"
    },
    "isBoss": false,
    "bossBarColor": "PINK",
    "bossBarType": "PROGRESS",
    "equipmentMainHand": {
      "value": ""
    },
    "equipmentOffHand": {
      "value": ""
    },
    "equipmentHelmet": {
      "value": "CUSTOM:GlowShroomArmor.helmet"
    },
    "equipmentBody": {
      "value": "CUSTOM:GlowShroomArmor.body"
    },
    "equipmentLeggings": {
      "value": ""
    },
    "equipmentBoots": {
      "value": "CUSTOM:GlowShroomArmor.boots"
    },
    "mobBehaviourType": "Creature",
    "mobCreatureType": "ARTHROPOD",
    "attackStrength": 5,
    "attackKnockback": 0.1,
    "knockbackResistance": 0.0,
    "movementSpeed": 0.5,
    "stepHeight": 3.0,
    "armorBaseValue": 0.5,
    "trackingRange": 64,
    "followRange": 24,
    "health": 38,
    "xpAmount": 0,
    "waterMob": false,
    "breatheUnderwater": {
      "fixedValue": false
    },
    "pushedByFluids": {
      "fixedValue": true
    },
    "flyingMob": false,
    "guiBoundTo": "<NONE>",
    "inventorySize": 9,
    "inventoryStackSize": 64,
    "disableCollisions": false,
    "ridable": false,
    "canControlForward": false,
    "canControlStrafe": false,
    "immuneToFire": false,
    "immuneToArrows": false,
    "immuneToFallDamage": true,
    "immuneToCactus": false,
    "immuneToDrowning": true,
    "immuneToLightning": false,
    "immuneToPotions": true,
    "immuneToPlayer": false,
    "immuneToExplosion": false,
    "immuneToTrident": false,
    "immuneToAnvil": false,
    "immuneToWither": true,
    "immuneToDragonBreath": true,
    "mobDrop": {
      "value": "CUSTOM:GlowshroomHead"
    },
    "livingSound": {
      "value": "block.sculk_sensor.clicking"
    },
    "hurtSound": {
      "value": "block.sculk.spread"
    },
    "deathSound": {
      "value": "entity.endermen.scream"
    },
    "stepSound": {
      "value": "block.sculk_catalyst.step"
    },
    "entityDataEntries": [],
    "onRightClickedOn": {
      "name": "GlowShroomerRightClickedOnEntity"
    },
    "hasAI": true,
    "aiBase": "(none)",
    "aixml": "<xml xmlns=\"https://developers.google.com/blockly/xml\"><block type=\"aitasks_container\" deletable=\"false\" x=\"40\" y=\"40\"><next><block type=\"avoid_entity\"><field name=\"entity\">CUSTOM:Drifter</field><field name=\"radius\">8</field><field name=\"farspeed\">4</field><field name=\"nearspeed\">2.5</field><field name=\"condition\">null,null</field><next><block type=\"panic_when_attacked\"><field name=\"speed\">4</field><field name=\"condition\">null,null</field><next><block type=\"wander\"><field name=\"speed\">1</field><field name=\"condition\">null,null</field><next><block type=\"follow_item_in_hands\"><field name=\"speed\">1</field><field name=\"scared\">TRUE</field><field name=\"condition\">null,null</field><value name=\"item\"><block type=\"mcitem_all\"><field name=\"value\">CUSTOM:Glowshroom</field></block></value><next><block type=\"look_around\"><field name=\"condition\">null,null</field><next><block type=\"wander_avoid_water\"><field name=\"speed\">0.8</field><field name=\"condition\">null,null</field><next><block type=\"find_and_move_to_air\"><field name=\"condition\">null,null</field></block></next></block></next></block></next></block></next></block></next></block></next></block></next></block></xml>",
    "breedable": false,
    "tameable": false,
    "breedTriggerItems": [],
    "ranged": false,
    "rangedAttackItem": {
      "value": ""
    },
    "rangedItemType": "Default item",
    "rangedAttackInterval": 20,
    "rangedAttackRadius": 10.0,
    "spawnThisMob": true,
    "doesDespawnWhenIdle": true,
    "spawningProbability": 20,
    "mobSpawningType": "monster",
    "minNumberOfMobsPerGroup": 4,
    "maxNumberOfMobsPerGroup": 4,
    "restrictionBiomes": [],
    "spawnInDungeons": false
  }
}