{
  "_fv": 60,
  "_type": "biome",
  "definition": {
    "name": "Psychedelic Forest",
    "groundBlock": {
      "value": "Blocks.GRASS"
    },
    "undergroundBlock": {
      "value": "Blocks.LIME_GLAZED_TERRACOTTA"
    },
    "underwaterBlock": {
      "value": ""
    },
    "airColor": {
      "value": -9728,
      "falpha": 0.0
    },
    "grassColor": {
      "value": -12517632,
      "falpha": 0.0
    },
    "foliageColor": {
      "value": -16711816,
      "falpha": 0.0
    },
    "waterColor": {
      "value": -16720385,
      "falpha": 0.0
    },
    "waterFogColor": {
      "value": -14810881,
      "falpha": 0.0
    },
    "ambientSound": {
      "value": ""
    },
    "additionsSound": {
      "value": ""
    },
    "music": {
      "value": ""
    },
    "moodSound": {
      "value": ""
    },
    "moodSoundDelay": 6000,
    "spawnParticles": false,
    "particleToSpawn": {
      "value": "EXPLOSION_NORMAL"
    },
    "particlesProbability": 0.5,
    "rainingPossibility": 1.0,
    "temperature": 1.4000000000000001,
    "spawnBiome": false,
    "spawnInCaves": false,
    "spawnBiomeNether": false,
    "genTemperature": {
      "min": -0.5,
      "max": 0.5
    },
    "genHumidity": {
      "min": -0.5,
      "max": 0.5
    },
    "genContinentalness": {
      "min": 0.3,
      "max": 1.0
    },
    "genErosion": {
      "min": -0.5,
      "max": 0.5
    },
    "genWeirdness": {
      "min": -1.0,
      "max": 1.0
    },
    "treesPerChunk": 6,
    "vanillaTreeType": "Mega spruce trees",
    "treeType": 1,
    "minHeight": 8,
    "treeStem": {
      "value": "CUSTOM:PsychedelicLog"
    },
    "treeBranch": {
      "value": "CUSTOM:PsychedelicLeaves"
    },
    "treeVines": {
      "value": "Blocks.VINE"
    },
    "treeFruits": {
      "value": ""
    },
    "defaultFeatures": [
      "Caves",
      "Ores",
      "PlainsTallGrass",
      "TaigaLargeFerns",
      "AmethystGeodes",
      "Bamboo",
      "ForestGrass",
      "JungleGrass"
    ],
    "spawnStronghold": false,
    "spawnMineshaft": false,
    "spawnMineshaftMesa": false,
    "spawnPillagerOutpost": false,
    "villageType": "none",
    "spawnWoodlandMansion": false,
    "spawnJungleTemple": false,
    "spawnDesertPyramid": false,
    "spawnSwampHut": false,
    "spawnIgloo": false,
    "spawnOceanMonument": false,
    "spawnShipwreck": false,
    "spawnShipwreckBeached": false,
    "spawnBuriedTreasure": false,
    "oceanRuinType": "NONE",
    "spawnNetherBridge": false,
    "spawnNetherFossil": false,
    "spawnBastionRemnant": false,
    "spawnEndCity": false,
    "spawnRuinedPortal": "NONE",
    "spawnEntries": [
      {
        "entity": {
          "value": "CUSTOM:PsychedelicDrifter"
        },
        "minGroup": 2,
        "maxGroup": 4,
        "weight": 20,
        "spawnType": "creature"
      }
    ]
  }
}