{
  "_fv": 60,
  "_type": "achievement",
  "definition": {
    "achievementName": "We need to get out",
    "achievementDescription": "Enter the Psychedelic Realm, is this really a good idea?",
    "achievementIcon": {
      "value": "CUSTOM:EyeShroom"
    },
    "background": "Default",
    "disableDisplay": false,
    "showPopup": true,
    "announceToChat": true,
    "hideIfNotCompleted": true,
    "rewardLoot": [],
    "rewardRecipes": [
      "PsychedelicArmorRecipe1",
      "PSychedelicArmor2",
      "PsychedelicArmor3",
      "PsychedelicArmor4"
    ],
    "rewardFunction": "No function",
    "rewardXP": 10,
    "achievementType": "goal",
    "parent": {
      "value": "No parent: root"
    },
    "triggerxml": "<xml xmlns=\"https://developers.google.com/blockly/xml\"><block type=\"advancement_trigger\" deletable=\"false\" x=\"40\" y=\"80\"><next><block type=\"dimension_entered\"><field name=\"dimension\">CUSTOM:PsychedelicRealm</field></block></next></block></xml>"
  }
}