{
  "_fv": 60,
  "_type": "dimension",
  "definition": {
    "biomesInDimension": [
      {
        "value": "CUSTOM:PsychedelicForest"
      }
    ],
    "worldGenType": "Normal world gen",
    "mainFillerBlock": {
      "value": "Blocks.SLIME_BLOCK"
    },
    "fluidBlock": {
      "value": "Blocks.FLOWING_WATER"
    },
    "airColor": {
      "value": -16711816,
      "falpha": 0.0
    },
    "canRespawnHere": false,
    "hasFog": false,
    "isDark": false,
    "doesWaterVaporize": false,
    "sleepResult": "DENY",
    "hasSkyLight": true,
    "imitateOverworldBehaviour": false,
    "portalFrame": {
      "value": "Blocks.CRACKED_DEEPSLATE_TILES"
    },
    "portalParticles": {
      "value": "DRIP_LAVA"
    },
    "portalLuminance": 9,
    "portalSound": {
      "value": "block.portal.ambient"
    },
    "enableIgniter": true,
    "igniterName": "Psychedelic Frog",
    "igniterRarity": "EPIC",
    "specialInformation": {
      "fixedValue": []
    },
    "igniterTab": {
      "value": "MATERIALS"
    },
    "texture": "psychedelic_frog",
    "portalTexture": "psychedelic_leaves",
    "enablePortal": true
  }
}