{
  "_fv": 60,
  "_type": "item",
  "definition": {
    "renderType": 0,
    "texture": "psychedelicdriftereyes",
    "customModelName": "Normal",
    "customProperties": {},
    "states": [],
    "name": "Psychedelic Drifter Eyes",
    "rarity": "EPIC",
    "creativeTab": {
      "value": "MATERIALS"
    },
    "stackSize": 64,
    "enchantability": 0,
    "useDuration": 32,
    "toolType": 1.0,
    "damageCount": 0,
    "recipeRemainder": {
      "value": ""
    },
    "destroyAnyBlock": false,
    "immuneToFire": true,
    "stayInGridWhenCrafting": false,
    "damageOnCrafting": false,
    "enableMeleeDamage": false,
    "damageVsEntity": 0.0,
    "specialInformation": {
      "fixedValue": []
    },
    "glowCondition": {
      "fixedValue": true
    },
    "guiBoundTo": "<NONE>",
    "inventorySize": 9,
    "inventoryStackSize": 64,
    "onFinishUsingItem": {
      "name": "PsychedelicDrifterEyesPlayerFinishesUsingItem"
    },
    "enableRanged": false,
    "shootConstantly": false,
    "projectile": {
      "value": "CUSTOM:DeadDrifterTotemThrower"
    },
    "isFood": true,
    "nutritionalValue": 8,
    "saturation": 1.1,
    "eatResultItem": {
      "value": ""
    },
    "isMeat": true,
    "isAlwaysEdible": true,
    "animation": "eat"
  }
}