{
  "_fv": 60,
  "_type": "armor",
  "definition": {
    "enableHelmet": true,
    "textureHelmet": "psychedelic_armor_head",
    "enableBody": true,
    "textureBody": "psychedelic_armor_body",
    "enableLeggings": true,
    "textureLeggings": "psychedelic_armor_leggings",
    "enableBoots": true,
    "textureBoots": "psychedelic_armor_boots",
    "onBootsTick": {
      "name": "PsychedelicArmorBootsTickEvent"
    },
    "creativeTab": {
      "value": "COMBAT"
    },
    "armorTextureFile": "psychedelic_armor",
    "helmetName": "Psychedelic Hat",
    "bodyName": "Psychedelic Chestplate",
    "leggingsName": "Psychedelic Leggings",
    "bootsName": "Psychedelic Boots",
    "helmetSpecialInformation": {
      "fixedValue": []
    },
    "bodySpecialInformation": {
      "fixedValue": []
    },
    "leggingsSpecialInformation": {
      "fixedValue": []
    },
    "bootsSpecialInformation": {
      "fixedValue": []
    },
    "helmetModelName": "Default",
    "helmetModelPart": "Helmet",
    "helmetModelTexture": "From armor",
    "bodyModelName": "Default",
    "bodyModelPart": "Body",
    "armsModelPartL": "Arms L",
    "armsModelPartR": "Arms R",
    "bodyModelTexture": "From armor",
    "leggingsModelName": "Default",
    "leggingsModelPartL": "Leggings L",
    "leggingsModelPartR": "Leggings R",
    "leggingsModelTexture": "From armor",
    "bootsModelName": "Default",
    "bootsModelPartL": "Boots L",
    "bootsModelPartR": "Boots R",
    "bootsModelTexture": "From armor",
    "helmetItemRenderType": 0,
    "helmetItemCustomModelName": "Normal",
    "bodyItemRenderType": 0,
    "bodyItemCustomModelName": "Normal",
    "leggingsItemRenderType": 0,
    "leggingsItemCustomModelName": "Normal",
    "bootsItemRenderType": 0,
    "bootsItemCustomModelName": "Normal",
    "helmetImmuneToFire": false,
    "bodyImmuneToFire": false,
    "leggingsImmuneToFire": false,
    "bootsImmuneToFire": false,
    "helmetPiglinNeutral": {
      "fixedValue": false
    },
    "bodyPiglinNeutral": {
      "fixedValue": false
    },
    "leggingsPiglinNeutral": {
      "fixedValue": false
    },
    "bootsPiglinNeutral": {
      "fixedValue": false
    },
    "maxDamage": 15,
    "damageValueHelmet": 5,
    "damageValueBody": 7,
    "damageValueLeggings": 1,
    "damageValueBoots": 4,
    "enchantability": 9,
    "toughness": 2.0,
    "knockbackResistance": 0.0,
    "equipSound": {
      "value": "block.slime.step"
    },
    "repairItems": [
      {
        "value": "CUSTOM:EyeShroom"
      }
    ]
  }
}