{
  "_fv": 60,
  "_type": "achievement",
  "definition": {
    "achievementName": "True Monster",
    "achievementDescription": "Kill a Psychedelic Drifter and collect its eyes, look at them and wonder who the real monster was.",
    "achievementIcon": {
      "value": "CUSTOM:PsychedelicDrifterEyes"
    },
    "background": "Default",
    "disableDisplay": false,
    "showPopup": true,
    "announceToChat": true,
    "hideIfNotCompleted": true,
    "rewardLoot": [],
    "rewardRecipes": [],
    "rewardFunction": "No function",
    "rewardXP": 0,
    "achievementType": "challenge",
    "parent": {
      "value": "No parent: root"
    },
    "triggerxml": "<xml xmlns=\"https://developers.google.com/blockly/xml\"><block type=\"advancement_trigger\" deletable=\"false\" x=\"40\" y=\"80\"><next><block type=\"item_in_inventory\"><value name=\"amount_l\"><block type=\"math_number\"><field name=\"NUM\">1</field></block></value><value name=\"amount_h\"><block type=\"math_number\"><field name=\"NUM\">64</field></block></value><value name=\"item\"><block type=\"mcitem_all\"><field name=\"value\">CUSTOM:PsychedelicDrifterEyes</field></block></value></block></next></block></xml>"
  }
}