{
  "has_precipitation": true,
  "temperature": 1.3,
  "downfall": 0.8,
  "effects": {
    "particle": {
      "options": {
        "type": "squid_ink"
      },
      "probability": 0.01
    },
    "foliage_color": -16767969,
    "grass_color": -16763602,
    "sky_color": -16777216,
    "fog_color": -16777216,
    "water_color": -16777216,
    "water_fog_color": -16777216
  },
  "spawners": {
    "monster": [],
    "creature": [
      {
        "type": "zoe_mod:drifter",
        "weight": 20,
        "minCount": 2,
        "maxCount": 6
      },
      {
        "type": "zoe_mod:glow_shroomer",
        "weight": 20,
        "minCount": 1,
        "maxCount": 3
      }
    ],
    "ambient": [],
    "axolotls": [],
    "underground_water_creature": [],
    "water_creature": [],
    "water_ambient": [],
    "misc": []
  },
  "spawn_costs": {},
  "carvers": {
    "air": [
      "minecraft:cave",
      "minecraft:cave_extra_underground",
      "minecraft:canyon"
    ]
  },
  "features": [
    [],
    [
      "minecraft:lake_lava_underground"
    ],
    [],
    [],
    [],
    [],
    [
      "minecraft:ore_coal_upper",
      "minecraft:ore_coal_lower",
      "minecraft:ore_iron_upper",
      "minecraft:ore_iron_middle",
      "minecraft:ore_iron_small",
      "minecraft:ore_gold",
      "minecraft:ore_gold_lower",
      "minecraft:ore_redstone",
      "minecraft:ore_redstone_lower",
      "minecraft:ore_diamond",
      "minecraft:ore_diamond_medium",
      "minecraft:ore_diamond_large",
      "minecraft:ore_diamond_buried",
      "minecraft:ore_lapis",
      "minecraft:ore_lapis_buried",
      "minecraft:ore_copper",
      "minecraft:underwater_magma"
    ],
    [],
    [],
    [
      "zoe_mod:drifter_woods_tree",
      "minecraft:patch_large_fern",
      "minecraft:patch_tall_grass",
      "minecraft:patch_grass_jungle"
    ],
    []
  ]
}