{
  "has_precipitation": true,
  "temperature": 1.4,
  "downfall": 1,
  "effects": {
    "foliage_color": -16711816,
    "grass_color": -12517632,
    "sky_color": -9728,
    "fog_color": -9728,
    "water_color": -16720385,
    "water_fog_color": -14810881
  },
  "spawners": {
    "monster": [],
    "creature": [
      {
        "type": "zoe_mod:psychedelic_drifter",
        "weight": 20,
        "minCount": 2,
        "maxCount": 4
      }
    ],
    "ambient": [],
    "axolotls": [],
    "underground_water_creature": [],
    "water_creature": [],
    "water_ambient": [],
    "misc": []
  },
  "spawn_costs": {},
  "carvers": {
    "air": [
      "minecraft:cave",
      "minecraft:cave_extra_underground",
      "minecraft:canyon"
    ]
  },
  "features": [
    [],
    [
      "minecraft:lake_lava_underground"
    ],
    [
      "minecraft:amethyst_geode"
    ],
    [],
    [],
    [],
    [
      "minecraft:ore_coal_upper",
      "minecraft:ore_coal_lower",
      "minecraft:ore_iron_upper",
      "minecraft:ore_iron_middle",
      "minecraft:ore_iron_small",
      "minecraft:ore_gold",
      "minecraft:ore_gold_lower",
      "minecraft:ore_redstone",
      "minecraft:ore_redstone_lower",
      "minecraft:ore_diamond",
      "minecraft:ore_diamond_medium",
      "minecraft:ore_diamond_large",
      "minecraft:ore_diamond_buried",
      "minecraft:ore_lapis",
      "minecraft:ore_lapis_buried",
      "minecraft:ore_copper",
      "minecraft:underwater_magma"
    ],
    [],
    [],
    [
      "zoe_mod:psychedelic_forest_tree",
      "minecraft:patch_large_fern",
      "minecraft:patch_tall_grass",
      "minecraft:patch_grass_forest",
      "minecraft:bamboo_light",
      "minecraft:patch_grass_jungle"
    ],
    []
  ]
}