{
  "_fv": 60,
  "_type": "recipe",
  "definition": {
    "recipeType": "Crafting",
    "recipeRetstackSize": 13,
    "group": "",
    "cookingBookCategory": "MISC",
    "xpReward": 0.0,
    "cookingTime": 200,
    "craftingBookCategory": "MISC",
    "recipeShapeless": false,
    "recipeSlots": [
      {
        "value": "Blocks.SOUL_CAMPFIRE"
      },
      {
        "value": "Blocks.MAGMA"
      },
      {
        "value": "Blocks.SOUL_CAMPFIRE"
      },
      {
        "value": "Blocks.REDSTONE_BLOCK"
      },
      {
        "value": "Blocks.ANCIENT_DEBRIS"
      },
      {
        "value": "Blocks.REDSTONE_BLOCK"
      },
      {
        "value": "Blocks.CAULDRON"
      },
      {
        "value": "Blocks.AMETHYST_CLUSTER"
      },
      {
        "value": "Blocks.TARGET"
      }
    ],
    "recipeReturnStack": {
      "value": "CUSTOM:Gtr.spawn_egg"
    },
    "name": "fartey",
    "namespace": "mod"
  }
}