{
  "_fv": 60,
  "_type": "livingentity",
  "definition": {
    "mobName": "Max",
    "mobLabel": "",
    "mobModelName": "Biped",
    "mobModelTexture": "201278d1bd4fa733ab8a97865683e0b5ff6ce8a7.png",
    "transparentModelCondition": {
      "fixedValue": false
    },
    "isShakingCondition": {
      "fixedValue": false
    },
    "solidBoundingBox": {
      "fixedValue": false
    },
    "visualScale": {
      "fixedValue": 1.0
    },
    "boundingBoxScale": {
      "fixedValue": 1.0
    },
    "modelLayers": [],
    "modelWidth": 0.6,
    "modelHeight": 1.8,
    "modelShadowSize": 0.5,
    "mountedYOffset": 0.0,
    "hasSpawnEgg": true,
    "spawnEggBaseColor": {
      "value": -16711681,
      "falpha": 0.0
    },
    "spawnEggDotColor": {
      "value": -256,
      "falpha": 0.0
    },
    "creativeTab": {
      "value": "MISC"
    },
    "isBoss": false,
    "bossBarColor": "PINK",
    "bossBarType": "PROGRESS",
    "equipmentMainHand": {
      "value": "CUSTOM:Mastersword"
    },
    "equipmentOffHand": {
      "value": "Items.SHIELD"
    },
    "equipmentHelmet": {
      "value": "Items.NETHERITE_HELMET"
    },
    "equipmentBody": {
      "value": "Items.NETHERITE_CHESTPLATE"
    },
    "equipmentLeggings": {
      "value": "Items.NETHERITE_LEGGINGS"
    },
    "equipmentBoots": {
      "value": "Items.NETHERITE_BOOTS"
    },
    "mobBehaviourType": "Mob",
    "mobCreatureType": "UNDEFINED",
    "attackStrength": 20,
    "attackKnockback": 3.9999999999999996,
    "knockbackResistance": 1.6,
    "movementSpeed": 1.2000000000000002,
    "stepHeight": 0.7000000000000001,
    "armorBaseValue": 100.0,
    "trackingRange": 66,
    "followRange": 34,
    "health": 229,
    "xpAmount": 1000,
    "waterMob": false,
    "breatheUnderwater": {
      "fixedValue": false
    },
    "pushedByFluids": {
      "fixedValue": true
    },
    "flyingMob": false,
    "guiBoundTo": "<NONE>",
    "inventorySize": 9,
    "inventoryStackSize": 64,
    "disableCollisions": false,
    "ridable": true,
    "canControlForward": true,
    "canControlStrafe": false,
    "immuneToFire": true,
    "immuneToArrows": true,
    "immuneToFallDamage": true,
    "immuneToCactus": true,
    "immuneToDrowning": true,
    "immuneToLightning": true,
    "immuneToPotions": true,
    "immuneToPlayer": false,
    "immuneToExplosion": true,
    "immuneToTrident": true,
    "immuneToAnvil": true,
    "immuneToWither": true,
    "immuneToDragonBreath": true,
    "mobDrop": {
      "value": "CUSTOM:Mastersword"
    },
    "livingSound": {
      "value": ""
    },
    "hurtSound": {
      "value": "entity.generic.hurt"
    },
    "deathSound": {
      "value": "entity.generic.death"
    },
    "stepSound": {
      "value": ""
    },
    "entityDataEntries": [],
    "hasAI": true,
    "aiBase": "(none)",
    "aixml": "<xml xmlns=\"https://developers.google.com/blockly/xml\"><block type=\"aitasks_container\" deletable=\"false\" x=\"40\" y=\"40\"><next><block type=\"look_around\"><field name=\"condition\">null,null</field><next><block type=\"attack_on_collide\"><field name=\"speed\">1.2</field><field name=\"longmemory\">FALSE</field><field name=\"condition\">null,null</field><next><block type=\"attack_action\"><field name=\"callhelp\">TRUE</field><field name=\"condition\">null,null</field><next><block type=\"wander\"><field name=\"speed\">1</field><field name=\"condition\">null,null</field><next><block type=\"attack_action\"><field name=\"callhelp\">FALSE</field><field name=\"condition\">null,null</field><next><block type=\"follow_owner\"><field name=\"speed\">1</field><field name=\"min_distance\">10</field><field name=\"max_distance\">2</field><field name=\"condition\">null,null</field><next><block type=\"swim_in_water\"><field name=\"condition\">null,null</field></block></next></block></next></block></next></block></next></block></next></block></next></block></next></block></xml>",
    "breedable": true,
    "tameable": true,
    "breedTriggerItems": [
      {
        "value": "Blocks.SKULL#5"
      }
    ],
    "ranged": false,
    "rangedAttackItem": {
      "value": ""
    },
    "rangedItemType": "Default item",
    "rangedAttackInterval": 20,
    "rangedAttackRadius": 10.0,
    "spawnThisMob": true,
    "doesDespawnWhenIdle": true,
    "spawningProbability": 20,
    "mobSpawningType": "monster",
    "minNumberOfMobsPerGroup": 4,
    "maxNumberOfMobsPerGroup": 4,
    "restrictionBiomes": [],
    "spawnInDungeons": false
  }
}