{
  "_fv": 60,
  "_type": "item",
  "definition": {
    "renderType": 0,
    "texture": "uytrep",
    "customModelName": "Normal",
    "customProperties": {},
    "states": [],
    "name": "Madmod",
    "rarity": "COMMON",
    "creativeTab": {
      "value": "CUSTOM:Annas"
    },
    "stackSize": 64,
    "enchantability": 0,
    "useDuration": 33,
    "toolType": 1.0,
    "damageCount": 0,
    "recipeRemainder": {
      "value": ""
    },
    "destroyAnyBlock": false,
    "immuneToFire": false,
    "stayInGridWhenCrafting": false,
    "damageOnCrafting": false,
    "enableMeleeDamage": false,
    "damageVsEntity": 0.0,
    "specialInformation": {
      "fixedValue": []
    },
    "glowCondition": {
      "fixedValue": false
    },
    "guiBoundTo": "<NONE>",
    "inventorySize": 9,
    "inventoryStackSize": 64,
    "enableRanged": false,
    "shootConstantly": false,
    "projectile": {
      "value": "CUSTOM:B"
    },
    "isFood": true,
    "nutritionalValue": 100,
    "saturation": 0.9,
    "eatResultItem": {
      "value": "CUSTOM:Gtr.spawn_egg"
    },
    "isMeat": false,
    "isAlwaysEdible": true,
    "animation": "eat"
  }
}