{
  "_fv": 60,
  "_type": "recipe",
  "definition": {
    "recipeType": "Crafting",
    "recipeRetstackSize": 25,
    "group": "",
    "cookingBookCategory": "MISC",
    "xpReward": 0.0,
    "cookingTime": 200,
    "craftingBookCategory": "MISC",
    "recipeShapeless": false,
    "recipeSlots": [
      {
        "value": ""
      },
      {
        "value": ""
      },
      {
        "value": ""
      },
      {
        "value": "Blocks.LIT_PUMPKIN"
      },
      {
        "value": "Blocks.WITHER_SKELETON_WALL_SKULL"
      },
      {
        "value": "Blocks.LIT_PUMPKIN"
      },
      {
        "value": "Blocks.WITHER_SKELETON_WALL_SKULL"
      },
      {
        "value": "Items.TOTEM_OF_UNDYING"
      },
      {
        "value": "Items.SKULL#1"
      }
    ],
    "recipeReturnStack": {
      "value": "Items.WITHER_SPAWN_EGG"
    },
    "name": "poit",
    "namespace": "mod"
  }
}