{
  "_fv": 60,
  "_type": "recipe",
  "definition": {
    "recipeType": "Crafting",
    "recipeRetstackSize": 64,
    "group": "",
    "cookingBookCategory": "MISC",
    "xpReward": 0.0,
    "cookingTime": 200,
    "craftingBookCategory": "MISC",
    "recipeShapeless": false,
    "recipeSlots": [
      {
        "value": ""
      },
      {
        "value": "Blocks.AMETHYST_CLUSTER"
      },
      {
        "value": ""
      },
      {
        "value": ""
      },
      {
        "value": "Blocks.TNT"
      },
      {
        "value": ""
      },
      {
        "value": ""
      },
      {
        "value": "Blocks.SKULL#1"
      },
      {
        "value": ""
      }
    ],
    "recipeReturnStack": {
      "value": "CUSTOM:Red"
    },
    "name": "ter",
    "namespace": "mod"
  }
}