{
  "_fv": 60,
  "_type": "recipe",
  "definition": {
    "recipeType": "Crafting",
    "recipeRetstackSize": 64,
    "group": "",
    "cookingBookCategory": "MISC",
    "xpReward": 0.0,
    "cookingTime": 200,
    "craftingBookCategory": "MISC",
    "recipeShapeless": false,
    "recipeSlots": [
      {
        "value": ""
      },
      {
        "value": ""
      },
      {
        "value": ""
      },
      {
        "value": "Blocks.CHERRY_SAPLING"
      },
      {
        "value": ""
      },
      {
        "value": "Blocks.CHERRY_SAPLING"
      },
      {
        "value": ""
      },
      {
        "value": "CUSTOM:MARIN.body"
      },
      {
        "value": ""
      }
    ],
    "recipeReturnStack": {
      "value": "Items.SPAWN_EGG#68"
    },
    "name": "trew",
    "namespace": "mod"
  }
}