{
  "_fv": 60,
  "_type": "recipe",
  "definition": {
    "recipeType": "Crafting",
    "recipeRetstackSize": 2,
    "group": "",
    "cookingBookCategory": "MISC",
    "xpReward": 0.0,
    "cookingTime": 200,
    "craftingBookCategory": "MISC",
    "recipeShapeless": false,
    "recipeSlots": [
      {
        "value": "Blocks.WARPED_NYLIUM"
      },
      {
        "value": "Items.ENDER_PEARL"
      },
      {
        "value": "Blocks.GOLDEN_RAIL"
      },
      {
        "value": "Blocks.OBSIDIAN"
      },
      {
        "value": "Items.ENDER_EYE"
      },
      {
        "value": "Blocks.OBSIDIAN"
      },
      {
        "value": "Blocks.TORCH"
      },
      {
        "value": "Blocks.OBSIDIAN"
      },
      {
        "value": "Blocks.TORCH"
      }
    ],
    "recipeReturnStack": {
      "value": "Items.ENDER_DRAGON_SPAWN_EGG"
    },
    "name": "uyt",
    "namespace": "mod"
  }
}