{
  "_fv": 60,
  "_type": "recipe",
  "definition": {
    "recipeType": "Crafting",
    "recipeRetstackSize": 20,
    "group": "",
    "cookingBookCategory": "MISC",
    "xpReward": 0.0,
    "cookingTime": 200,
    "craftingBookCategory": "MISC",
    "recipeShapeless": false,
    "recipeSlots": [
      {
        "value": ""
      },
      {
        "value": ""
      },
      {
        "value": ""
      },
      {
        "value": "Items.WHEAT"
      },
      {
        "value": "Blocks.POINTED_DRIPSTONE"
      },
      {
        "value": "Items.WHEAT"
      },
      {
        "value": ""
      },
      {
        "value": "CUSTOM:COLERMAN"
      },
      {
        "value": ""
      }
    ],
    "recipeReturnStack": {
      "value": "CUSTOM:Madmod"
    },
    "name": "wasert",
    "namespace": "mod"
  }
}