{
  "_fv": 60,
  "_type": "recipe",
  "definition": {
    "recipeType": "Crafting",
    "recipeRetstackSize": 30,
    "group": "",
    "cookingBookCategory": "MISC",
    "xpReward": 0.0,
    "cookingTime": 200,
    "craftingBookCategory": "MISC",
    "recipeShapeless": false,
    "recipeSlots": [
      {
        "value": ""
      },
      {
        "value": ""
      },
      {
        "value": ""
      },
      {
        "value": "Items.COOKED_FISH"
      },
      {
        "value": "Items.COOKED_FISH"
      },
      {
        "value": "Items.COOKED_FISH"
      },
      {
        "value": ""
      },
      {
        "value": "Blocks.LIGHT"
      },
      {
        "value": ""
      }
    ],
    "recipeReturnStack": {
      "value": "Items.COD_SPAWN_EGG"
    },
    "name": "wedrf",
    "namespace": "mod"
  }
}