{
  "_fv": 60,
  "_type": "item",
  "definition": {
    "renderType": 0,
    "texture": "ertyu",
    "customModelName": "Ranged item",
    "customProperties": {},
    "states": [],
    "name": "Werty",
    "rarity": "EPIC",
    "creativeTab": {
      "value": "CUSTOM:Annas"
    },
    "stackSize": 1,
    "enchantability": 44,
    "useDuration": 72000,
    "toolType": 2.7,
    "damageCount": 24,
    "recipeRemainder": {
      "value": ""
    },
    "destroyAnyBlock": true,
    "immuneToFire": true,
    "stayInGridWhenCrafting": true,
    "damageOnCrafting": false,
    "enableMeleeDamage": true,
    "damageVsEntity": 1000.0,
    "specialInformation": {
      "fixedValue": []
    },
    "glowCondition": {
      "fixedValue": false
    },
    "guiBoundTo": "<NONE>",
    "inventorySize": 9,
    "inventoryStackSize": 1,
    "onEntityHitWith": {
      "name": "WertyLivingEntityIsHitWithItem"
    },
    "enableRanged": true,
    "shootConstantly": false,
    "projectile": {
      "value": "Arrow"
    },
    "isFood": false,
    "nutritionalValue": 4,
    "saturation": 0.3,
    "eatResultItem": {
      "value": ""
    },
    "isMeat": false,
    "isAlwaysEdible": false,
    "animation": "bow"
  }
}