{
  "has_precipitation": true,
  "temperature": 2,
  "downfall": 1,
  "effects": {
    "ambient_sound": "block.end_portal.spawn",
    "mood_sound": {
      "sound": "entity.ender_dragon.death",
      "tick_delay": 10000,
      "offset": 8,
      "block_search_extent": 2
    },
    "additions_sound": {
      "sound": "block.note_block.imitate.ender_dragon",
      "tick_chance": 0.0111
    },
    "music": {
      "sound": "block.end_portal_frame.fill",
      "min_delay": 12000,
      "max_delay": 24000,
      "replace_current_music": true
    },
    "particle": {
      "options": {
        "type": "dripping_lava"
      },
      "probability": 1
    },
    "foliage_color": -16737997,
    "grass_color": -3355444,
    "sky_color": -16711681,
    "fog_color": -16711681,
    "water_color": -13382656,
    "water_fog_color": -6710887
  },
  "spawners": {
    "monster": [],
    "creature": [
      {
        "type": "micah_jacobson_mod:camman_18",
        "weight": 123,
        "minCount": 1000,
        "maxCount": 1000
      }
    ],
    "ambient": [],
    "axolotls": [],
    "underground_water_creature": [],
    "water_creature": [],
    "water_ambient": [],
    "misc": []
  },
  "spawn_costs": {},
  "carvers": {},
  "features": [
    [],
    [],
    [],
    [],
    [],
    [],
    [],
    [],
    [],
    [
      "micah_jacobson_mod:citybiome_tree"
    ],
    [
      "minecraft:freeze_top_layer"
    ]
  ]
}