{
  "type": "minecraft:crafting_shaped",
  "category": "misc",
  "pattern": [
    "aba",
    "cdc",
    "efe"
  ],
  "key": {
    "a": {
      "item": "minecraft:netherite_ingot"
    },
    "b": {
      "item": "minecraft:blue_dye"
    },
    "c": {
      "item": "minecraft:gold_ingot"
    },
    "d": {
      "item": "calvin_hagerman_mod:darkore"
    },
    "e": {
      "item": "minecraft:diamond"
    },
    "f": {
      "item": "minecraft:blue_candle"
    }
  },
  "result": {
    "item": "calvin_hagerman_mod:speedstar",
    "count": 3
  }
}