{
  "_fv": 60,
  "_type": "armor",
  "definition": {
    "enableHelmet": true,
    "textureHelmet": "chezzzzamor_head",
    "enableBody": true,
    "textureBody": "chezzzzamor_body",
    "enableLeggings": true,
    "textureLeggings": "chezzzzamor_leggings",
    "enableBoots": true,
    "textureBoots": "chezzzzamor_boots",
    "onHelmetTick": {
      "name": "Fly"
    },
    "onBodyTick": {
      "name": "Fly"
    },
    "onLeggingsTick": {
      "name": "Fly"
    },
    "onBootsTick": {
      "name": "Fly"
    },
    "creativeTab": {
      "value": "COMBAT"
    },
    "armorTextureFile": "chezzzzamor",
    "helmetName": "Flightarmor Helmet",
    "bodyName": "Flightarmor Chestplate",
    "leggingsName": "Flightarmor Leggings",
    "bootsName": "Flightarmor Boots",
    "helmetSpecialInformation": {
      "fixedValue": []
    },
    "bodySpecialInformation": {
      "fixedValue": []
    },
    "leggingsSpecialInformation": {
      "fixedValue": []
    },
    "bootsSpecialInformation": {
      "fixedValue": []
    },
    "helmetModelName": "Default",
    "helmetModelPart": "Helmet",
    "helmetModelTexture": "From armor",
    "bodyModelName": "Default",
    "bodyModelPart": "Body",
    "armsModelPartL": "Arms L",
    "armsModelPartR": "Arms R",
    "bodyModelTexture": "From armor",
    "leggingsModelName": "Default",
    "leggingsModelPartL": "Leggings L",
    "leggingsModelPartR": "Leggings R",
    "leggingsModelTexture": "From armor",
    "bootsModelName": "Default",
    "bootsModelPartL": "Boots L",
    "bootsModelPartR": "Boots R",
    "bootsModelTexture": "From armor",
    "helmetItemRenderType": 0,
    "helmetItemCustomModelName": "Normal",
    "bodyItemRenderType": 0,
    "bodyItemCustomModelName": "Normal",
    "leggingsItemRenderType": 0,
    "leggingsItemCustomModelName": "Normal",
    "bootsItemRenderType": 0,
    "bootsItemCustomModelName": "Normal",
    "helmetImmuneToFire": false,
    "bodyImmuneToFire": false,
    "leggingsImmuneToFire": false,
    "bootsImmuneToFire": false,
    "helmetPiglinNeutral": {
      "fixedValue": false
    },
    "bodyPiglinNeutral": {
      "fixedValue": false
    },
    "leggingsPiglinNeutral": {
      "fixedValue": false
    },
    "bootsPiglinNeutral": {
      "fixedValue": false
    },
    "maxDamage": 117,
    "damageValueHelmet": 1017,
    "damageValueBody": 1017,
    "damageValueLeggings": 1017,
    "damageValueBoots": 1017,
    "enchantability": 100,
    "toughness": 10.0,
    "knockbackResistance": 5.0,
    "equipSound": {
      "value": "ambient.crimson_forest.loop"
    },
    "repairItems": [
      {
        "value": "CUSTOM:Platfiresword"
      },
      {
        "value": "CUSTOM:Skeld"
      }
    ]
  }
}