{
  "_fv": 60,
  "_type": "item",
  "definition": {
    "renderType": 0,
    "texture": "plasmakatana",
    "customModelName": "Normal",
    "customProperties": {},
    "states": [],
    "name": "Plasmekatana",
    "rarity": "EPIC",
    "creativeTab": {
      "value": "COMBAT"
    },
    "stackSize": 1,
    "enchantability": 8,
    "useDuration": 0,
    "toolType": 1.0,
    "damageCount": 99,
    "recipeRemainder": {
      "value": ""
    },
    "destroyAnyBlock": false,
    "immuneToFire": true,
    "stayInGridWhenCrafting": false,
    "damageOnCrafting": false,
    "enableMeleeDamage": true,
    "damageVsEntity": 1000.0,
    "specialInformation": {
      "fixedValue": []
    },
    "glowCondition": {
      "fixedValue": false
    },
    "guiBoundTo": "<NONE>",
    "inventorySize": 9,
    "inventoryStackSize": 64,
    "onRightClickedInAir": {
      "name": "PlasmekatanaRightclicke"
    },
    "onRightClickedOnBlock": {
      "name": "PlasmekatanaRightclickedOnBlock"
    },
    "enableRanged": false,
    "shootConstantly": false,
    "projectile": {
      "value": "CUSTOM:Totooooo"
    },
    "isFood": false,
    "nutritionalValue": 4,
    "saturation": 0.3,
    "eatResultItem": {
      "value": ""
    },
    "isMeat": false,
    "isAlwaysEdible": false,
    "animation": "block"
  }
}