{
  "_fv": 60,
  "_type": "tool",
  "definition": {
    "toolType": "Shield",
    "renderType": 0,
    "blockingRenderType": 0,
    "texture": "sheildalpha",
    "customModelName": "Normal",
    "blockingModelName": "Normal blocking",
    "name": "Skeld",
    "specialInformation": {
      "fixedValue": []
    },
    "creativeTab": {
      "value": "COMBAT"
    },
    "harvestLevel": 1,
    "efficiency": 4.0,
    "attackSpeed": 1.0,
    "enchantability": 22,
    "damageVsEntity": 4.0,
    "usageCount": 2000,
    "blocksAffected": [],
    "glowCondition": {
      "fixedValue": false
    },
    "repairItems": [],
    "immuneToFire": true,
    "stayInGridWhenCrafting": false,
    "damageOnCrafting": false
  }
}