{
  "display": {
    "background": "minecraft:textures/block/stone.png",
    "icon": {
      "item": "zoe_mod:drifter_hand"
    },
    "title": {
      "translate": "advancements.drifter_realm_advancement.title"
    },
    "description": {
      "translate": "advancements.drifter_realm_advancement.descr"
    },
    "frame": "goal",
    "show_toast": true,
    "announce_to_chat": true,
    "hidden": false
  },
  "criteria": {
    "drifter_realm_advancement_0": {
      "trigger": "minecraft:changed_dimension",
      "conditions": {
        "to": "zoe_mod:drifter_dimension"
      }
    }
  },
  "rewards": {
    "experience": 10,
    "recipes": [
      "zoe_mod:sap_pick_recipe",
      "zoe_mod:sap_pickaxe_recipe",
      "zoe_mod:sap_axe_recip",
      "zoe_mod:sap_sword_r_ecipe",
      "zoe_mod:glowshroom_head_recipe",
      "zoe_mod:glowshroom_helmet_recipe",
      "zoe_mod:glow_shroom_leggings_recipe",
      "zoe_mod:glow_shroom_chest_plate_recipe",
      "zoe_mod:glowshroombootsrecipe",
      "zoe_mod:driftwoodplanksrecipe",
      "zoe_mod:driftwoodstickrecipe",
      "zoe_mod:glow_shroom_crossbow_recipe"
    ]
  }
}