{
  "display": {
    "icon": {
      "item": "zoe_mod:drifter_dimension"
    },
    "title": {
      "translate": "advancements.drifter_armor_advancement.title"
    },
    "description": {
      "translate": "advancements.drifter_armor_advancement.descr"
    },
    "frame": "challenge",
    "show_toast": true,
    "announce_to_chat": true,
    "hidden": false
  },
  "criteria": {
    "drifter_armor_advancement_0": {
      "trigger": "minecraft:inventory_changed",
      "conditions": {
        "items": [
          {
            "items": [
              "zoe_mod:drifter_armor_helmet"
            ],
            "count": {
              "min": 1,
              "max": 1
            }
          }
        ]
      }
    },
    "drifter_armor_advancement_1": {
      "trigger": "minecraft:inventory_changed",
      "conditions": {
        "items": [
          {
            "items": [
              "zoe_mod:drifter_armor_chestplate"
            ],
            "count": {
              "min": 1,
              "max": 1
            }
          }
        ]
      }
    },
    "drifter_armor_advancement_2": {
      "trigger": "minecraft:inventory_changed",
      "conditions": {
        "items": [
          {
            "items": [
              "zoe_mod:drifter_armor_leggings"
            ],
            "count": {
              "min": 1,
              "max": 1
            }
          }
        ]
      }
    },
    "drifter_armor_advancement_3": {
      "trigger": "minecraft:inventory_changed",
      "conditions": {
        "items": [
          {
            "items": [
              "zoe_mod:drifter_armor_boots"
            ],
            "count": {
              "min": 1,
              "max": 1
            }
          }
        ]
      }
    }
  },
  "rewards": {
    "experience": 10
  },
  "parent": "zoe_mod:drifter_realm_advancement"
}