{
  "display": {
    "background": "minecraft:textures/block/stone.png",
    "icon": {
      "item": "zoe_mod:eye_shroom"
    },
    "title": {
      "translate": "advancements.psychedelic_dimension_advancement.title"
    },
    "description": {
      "translate": "advancements.psychedelic_dimension_advancement.descr"
    },
    "frame": "goal",
    "show_toast": true,
    "announce_to_chat": true,
    "hidden": true
  },
  "criteria": {
    "psychedelic_dimension_advancement_0": {
      "trigger": "minecraft:changed_dimension",
      "conditions": {
        "to": "zoe_mod:psychedelic_realm"
      }
    }
  },
  "rewards": {
    "experience": 10,
    "recipes": [
      "zoe_mod:psychedelic_armor_recipe_1",
      "zoe_mod:p_sychedelic_armor_2",
      "zoe_mod:psychedelic_armor_3",
      "zoe_mod:psychedelic_armor_4"
    ]
  }
}