{
  "display": {
    "background": "minecraft:textures/block/stone.png",
    "icon": {
      "item": "zoe_mod:psychedelic_drifter_eyes"
    },
    "title": {
      "translate": "advancements.true_monster.title"
    },
    "description": {
      "translate": "advancements.true_monster.descr"
    },
    "frame": "challenge",
    "show_toast": true,
    "announce_to_chat": true,
    "hidden": true
  },
  "criteria": {
    "true_monster_0": {
      "trigger": "minecraft:inventory_changed",
      "conditions": {
        "items": [
          {
            "items": [
              "zoe_mod:psychedelic_drifter_eyes"
            ],
            "count": {
              "min": 1,
              "max": 64
            }
          }
        ]
      }
    }
  }
}