{
  "type": "minecraft:crafting_shaped",
  "category": "misc",
  "pattern": [
    "aba",
    "cdc",
    "efg"
  ],
  "key": {
    "a": {
      "item": "minecraft:soul_campfire"
    },
    "b": {
      "item": "minecraft:magma_block"
    },
    "c": {
      "item": "minecraft:redstone_block"
    },
    "d": {
      "item": "minecraft:ancient_debris"
    },
    "e": {
      "item": "minecraft:cauldron"
    },
    "f": {
      "item": "minecraft:amethyst_cluster"
    },
    "g": {
      "item": "minecraft:target"
    }
  },
  "result": {
    "item": "anna_sutherland_mod:gtr_spawn_egg",
    "count": 13
  }
}