{
  "type": "minecraft:crafting_shaped",
  "category": "misc",
  "pattern": [
    "abc",
    "ded",
    "fdf"
  ],
  "key": {
    "a": {
      "item": "minecraft:warped_nylium"
    },
    "b": {
      "item": "minecraft:ender_pearl"
    },
    "c": {
      "item": "minecraft:powered_rail"
    },
    "d": {
      "item": "minecraft:obsidian"
    },
    "e": {
      "item": "minecraft:ender_eye"
    },
    "f": {
      "item": "minecraft:torch"
    }
  },
  "result": {
    "item": "minecraft:ender_dragon_spawn_egg",
    "count": 2
  }
}