{
  "textures": {
    "particle": "zoe_mod:block/psychedelic_leaves",
    "portal": "zoe_mod:block/psychedelic_leaves"
  },
  "elements": [
    {
      "from": [
        6,
        0,
        0
      ],
      "to": [
        10,
        16,
        16
      ],
      "faces": {
        "east": {
          "uv": [
            0,
            0,
            16,
            16
          ],
          "texture": "#portal"
        },
        "west": {
          "uv": [
            0,
            0,
            16,
            16
          ],
          "texture": "#portal"
        }
      }
    }
  ],
  "render_type": "translucent"
}