{
  "_fv": 60,
  "_type": "fluid",
  "definition": {
    "name": "Htugtjuygtutgyhyyu 0",
    "bucketName": "Htugtjuygtutgyhyyu 0 Bucket",
    "textureStill": "kghg8ghigtnt7gu",
    "textureFlowing": "kghg8ghigtnt7gu",
    "tintType": "No tint",
    "canMultiply": false,
    "flowRate": 45,
    "levelDecrease": 1,
    "slopeFindDistance": 16,
    "spawnParticles": false,
    "dripParticle": {
      "value": "EXPLOSION_NORMAL"
    },
    "flowStrength": 1.0,
    "luminosity": 0,
    "density": 1000,
    "viscosity": 1000,
    "temperature": 300,
    "type": "WATER",
    "generateBucket": true,
    "textureBucket": "",
    "creativeTab": {
      "value": "No creative tab entry"
    },
    "emptySound": {
      "value": ""
    },
    "rarity": "COMMON",
    "specialInformation": {
      "fixedValue": []
    },
    "resistance": 100.0,
    "luminance": 0,
    "lightOpacity": 1,
    "emissiveRendering": false,
    "tickRate": 0,
    "flammability": 0,
    "fireSpreadSpeed": 0,
    "colorOnMap": "DEFAULT"
  }
}