{
  "_fv": 60,
  "_type": "armor",
  "definition": {
    "enableHelmet": true,
    "textureHelmet": "deuhsdyhfgbhgdf7thnvfjhgyr7uhbjo",
    "enableBody": true,
    "textureBody": "jfyrifghfgogbfkl_body",
    "enableLeggings": true,
    "textureLeggings": "nbhtit5658hytrs7tui",
    "enableBoots": true,
    "textureBoots": "ingot",
    "onHelmetTick": {
      "name": "HubhvjvhjvjbhihyhuivgigtujiuHelmetTickEvent"
    },
    "onBodyTick": {
      "name": "HubhvjvhjvjbhihyhuivgigtujiuChestplateTickEvent"
    },
    "onLeggingsTick": {
      "name": "HubhvjvhjvjbhihyhuivgigtujiuLeggingsTickEventb"
    },
    "onBootsTick": {
      "name": "HubhvjvhjvjbhihyhuivgigtujiuLeggingsTickEvent"
    },
    "creativeTab": {
      "value": "COMBAT"
    },
    "armorTextureFile": "jfyrifghfgogbfkl",
    "helmetName": "Hubhvjvhjvjbhihyhuivgigtujiu Helmet",
    "bodyName": "Hubhvjvhjvjbhihyhuivgigtujiu Chestplate",
    "leggingsName": "Hubhvjvhjvjbhihyhuivgigtujiu Leggings",
    "bootsName": "Hubhvjvhjvjbhihyhuivgigtujiu Boots",
    "helmetSpecialInformation": {
      "fixedValue": []
    },
    "bodySpecialInformation": {
      "fixedValue": []
    },
    "leggingsSpecialInformation": {
      "fixedValue": []
    },
    "bootsSpecialInformation": {
      "fixedValue": []
    },
    "helmetModelName": "Default",
    "helmetModelPart": "Helmet",
    "helmetModelTexture": "From armor",
    "bodyModelName": "Default",
    "bodyModelPart": "Body",
    "armsModelPartL": "Arms L",
    "armsModelPartR": "Arms R",
    "bodyModelTexture": "From armor",
    "leggingsModelName": "Default",
    "leggingsModelPartL": "Leggings L",
    "leggingsModelPartR": "Leggings R",
    "leggingsModelTexture": "From armor",
    "bootsModelName": "Default",
    "bootsModelPartL": "Boots L",
    "bootsModelPartR": "Boots R",
    "bootsModelTexture": "From armor",
    "helmetItemRenderType": 0,
    "helmetItemCustomModelName": "Normal",
    "bodyItemRenderType": 0,
    "bodyItemCustomModelName": "Normal",
    "leggingsItemRenderType": 0,
    "leggingsItemCustomModelName": "Normal",
    "bootsItemRenderType": 0,
    "bootsItemCustomModelName": "Normal",
    "helmetImmuneToFire": false,
    "bodyImmuneToFire": false,
    "leggingsImmuneToFire": false,
    "bootsImmuneToFire": false,
    "helmetPiglinNeutral": {
      "fixedValue": false
    },
    "bodyPiglinNeutral": {
      "fixedValue": false
    },
    "leggingsPiglinNeutral": {
      "fixedValue": false
    },
    "bootsPiglinNeutral": {
      "fixedValue": false
    },
    "maxDamage": 999,
    "damageValueHelmet": 2,
    "damageValueBody": 6,
    "damageValueLeggings": 31,
    "damageValueBoots": 30,
    "enchantability": 99,
    "toughness": 9.0,
    "knockbackResistance": 0.0,
    "equipSound": {
      "value": ""
    },
    "repairItems": []
  }
}