{
  "_fv": 60,
  "_type": "tool",
  "definition": {
    "toolType": "Sword",
    "renderType": 0,
    "blockingRenderType": 0,
    "texture": "firesowerd",
    "customModelName": "Normal",
    "blockingModelName": "Normal blocking",
    "name": "Firesowed",
    "specialInformation": {
      "fixedValue": []
    },
    "creativeTab": {
      "value": "TOOLS"
    },
    "harvestLevel": 1,
    "efficiency": 4.0,
    "attackSpeed": 0.9,
    "enchantability": 0,
    "damageVsEntity": 9999.0,
    "usageCount": 9999,
    "blocksAffected": [],
    "glowCondition": {
      "fixedValue": false
    },
    "repairItems": [],
    "immuneToFire": false,
    "stayInGridWhenCrafting": false,
    "damageOnCrafting": false,
    "onEntityHitWith": {
      "name": "FiresowedLivingEntityIsHitWithTool"
    },
    "onEntitySwing": {
      "name": "FiresowedEntitySwingsItem"
    }
  }
}