{
  "_fv": 60,
  "_type": "dimension",
  "definition": {
    "biomesInDimension": [
      {
        "value": "deep_dark"
      },
      {
        "value": "bamboo_jungle"
      },
      {
        "value": "cherry_grove"
      },
      {
        "value": "deep_cold_ocean"
      },
      {
        "value": "basalt_deltas"
      },
      {
        "value": "deep_lukewarm_ocean"
      },
      {
        "value": "birch_forest"
      },
      {
        "value": "stony_peaks"
      },
      {
        "value": "mountains"
      },
      {
        "value": "swamp"
      },
      {
        "value": "badlands"
      }
    ],
    "worldGenType": "Normal world gen",
    "mainFillerBlock": {
      "value": "CUSTOM:Terk"
    },
    "fluidBlock": {
      "value": "Blocks.WATER"
    },
    "canRespawnHere": true,
    "hasFog": false,
    "isDark": false,
    "doesWaterVaporize": true,
    "sleepResult": "ALLOW",
    "hasSkyLight": true,
    "imitateOverworldBehaviour": true,
    "portalFrame": {
      "value": "Blocks.WARPED_STEM"
    },
    "portalParticles": {
      "value": "PORTAL"
    },
    "portalLuminance": 0,
    "portalSound": {
      "value": "block.portal.ambient"
    },
    "enableIgniter": true,
    "igniterName": "Werden Portal Igniter",
    "igniterRarity": "COMMON",
    "specialInformation": {
      "fixedValue": []
    },
    "igniterTab": {
      "value": "TOOLS"
    },
    "texture": "fireore",
    "portalTexture": "moster_bloke",
    "enablePortal": true
  }
}