{
  "_fv": 60,
  "_type": "armor",
  "definition": {
    "enableHelmet": true,
    "textureHelmet": "cccccccccccccccccccccccccccccccccccccccccccccccccc_head",
    "enableBody": true,
    "textureBody": "cccccccccccccccccccccccccccccccccccccccccccccccccc_body",
    "enableLeggings": true,
    "textureLeggings": "cccccccccccccccccccccccccccccccccccccccccccccccccc_leggings",
    "enableBoots": true,
    "textureBoots": "cccccccccccccccccccccccccccccccccccccccccccccccccc_boots",
    "onHelmetTick": {
      "name": "AwesomearmorHelmetTickEvent"
    },
    "onBodyTick": {
      "name": "AwesomearmorChestplateTickEvent"
    },
    "onLeggingsTick": {
      "name": "AwesomearmorLeggingsTickEvent"
    },
    "onBootsTick": {
      "name": "AwesomearmorBootsTickEvent"
    },
    "creativeTab": {
      "value": "CUSTOM:Ctab"
    },
    "armorTextureFile": "ccccccccccccccccccccccccc",
    "helmetName": "Awesomearmor Helmet",
    "bodyName": "Awesomearmor Chestplate",
    "leggingsName": "Awesomearmor Leggings",
    "bootsName": "Awesomearmor Boots",
    "helmetSpecialInformation": {
      "fixedValue": []
    },
    "bodySpecialInformation": {
      "fixedValue": []
    },
    "leggingsSpecialInformation": {
      "fixedValue": []
    },
    "bootsSpecialInformation": {
      "fixedValue": []
    },
    "helmetModelName": "Default",
    "helmetModelPart": "Helmet",
    "helmetModelTexture": "From armor",
    "bodyModelName": "Default",
    "bodyModelPart": "Body",
    "armsModelPartL": "Arms L",
    "armsModelPartR": "Arms R",
    "bodyModelTexture": "From armor",
    "leggingsModelName": "Default",
    "leggingsModelPartL": "Leggings L",
    "leggingsModelPartR": "Leggings R",
    "leggingsModelTexture": "From armor",
    "bootsModelName": "Default",
    "bootsModelPartL": "Boots L",
    "bootsModelPartR": "Boots R",
    "bootsModelTexture": "From armor",
    "helmetItemRenderType": 0,
    "helmetItemCustomModelName": "Normal",
    "bodyItemRenderType": 0,
    "bodyItemCustomModelName": "Normal",
    "leggingsItemRenderType": 0,
    "leggingsItemCustomModelName": "Normal",
    "bootsItemRenderType": 0,
    "bootsItemCustomModelName": "Normal",
    "helmetImmuneToFire": false,
    "bodyImmuneToFire": false,
    "leggingsImmuneToFire": false,
    "bootsImmuneToFire": false,
    "helmetPiglinNeutral": {
      "fixedValue": false
    },
    "bodyPiglinNeutral": {
      "fixedValue": false
    },
    "leggingsPiglinNeutral": {
      "fixedValue": false
    },
    "bootsPiglinNeutral": {
      "fixedValue": false
    },
    "maxDamage": 0,
    "damageValueHelmet": 999,
    "damageValueBody": 999,
    "damageValueLeggings": 999,
    "damageValueBoots": 999,
    "enchantability": 100,
    "toughness": 10.0,
    "knockbackResistance": 5.0,
    "equipSound": {
      "value": ""
    },
    "repairItems": []
  }
}