{
  "_fv": 60,
  "_type": "biome",
  "definition": {
    "name": "CALPLACE",
    "groundBlock": {
      "value": "Blocks.DEEPSLATE_REDSTONE_ORE"
    },
    "undergroundBlock": {
      "value": "CUSTOM:Darklava"
    },
    "underwaterBlock": {
      "value": "Blocks.STONE#0"
    },
    "airColor": {
      "value": -16776961,
      "falpha": 0.0
    },
    "grassColor": {
      "value": -13382656,
      "falpha": 0.0
    },
    "foliageColor": {
      "value": -1,
      "falpha": 0.0
    },
    "waterColor": {
      "value": -16737895,
      "falpha": 0.0
    },
    "waterFogColor": {
      "value": -3407668,
      "falpha": 0.0
    },
    "ambientSound": {
      "value": ""
    },
    "additionsSound": {
      "value": ""
    },
    "music": {
      "value": ""
    },
    "moodSound": {
      "value": ""
    },
    "moodSoundDelay": 6000,
    "spawnParticles": false,
    "particleToSpawn": {
      "value": "EXPLOSION_NORMAL"
    },
    "particlesProbability": 0.5,
    "rainingPossibility": 0.0,
    "temperature": -1.0,
    "spawnBiome": true,
    "spawnInCaves": true,
    "spawnBiomeNether": true,
    "genTemperature": {
      "min": -0.5126,
      "max": 0.5021
    },
    "genHumidity": {
      "min": -0.5081,
      "max": 0.5
    },
    "genContinentalness": {
      "min": 0.3,
      "max": 1.0
    },
    "genErosion": {
      "min": -0.49970000000000003,
      "max": 0.5058
    },
    "genWeirdness": {
      "min": -1.0,
      "max": 1.0
    },
    "treesPerChunk": 0,
    "vanillaTreeType": "Default",
    "treeType": 0,
    "minHeight": 7,
    "treeStem": {
      "value": ""
    },
    "treeBranch": {
      "value": ""
    },
    "treeVines": {
      "value": ""
    },
    "treeFruits": {
      "value": ""
    },
    "defaultFeatures": [
      "Caves",
      "Ores",
      "FrozenTopLayer"
    ],
    "spawnStronghold": true,
    "spawnMineshaft": false,
    "spawnMineshaftMesa": false,
    "spawnPillagerOutpost": true,
    "villageType": "desert",
    "spawnWoodlandMansion": false,
    "spawnJungleTemple": false,
    "spawnDesertPyramid": true,
    "spawnSwampHut": true,
    "spawnIgloo": false,
    "spawnOceanMonument": false,
    "spawnShipwreck": false,
    "spawnShipwreckBeached": false,
    "spawnBuriedTreasure": false,
    "oceanRuinType": "NONE",
    "spawnNetherBridge": false,
    "spawnNetherFossil": false,
    "spawnBastionRemnant": false,
    "spawnEndCity": false,
    "spawnRuinedPortal": "NETHER",
    "spawnEntries": []
  }
}