{
  "_fv": 60,
  "_type": "dimension",
  "definition": {
    "biomesInDimension": [
      {
        "value": "CUSTOM:CALPLACE"
      },
      {
        "value": "badlands"
      },
      {
        "value": "crimson_forest"
      }
    ],
    "worldGenType": "Nether like gen",
    "mainFillerBlock": {
      "value": "Blocks.DEEPSLATE_REDSTONE_ORE"
    },
    "fluidBlock": {
      "value": "Blocks.LAVA"
    },
    "canRespawnHere": true,
    "hasFog": true,
    "isDark": false,
    "doesWaterVaporize": false,
    "sleepResult": "ALLOW",
    "hasSkyLight": false,
    "imitateOverworldBehaviour": false,
    "portalFrame": {
      "value": "Blocks.REDSTONE_BLOCK"
    },
    "portalParticles": {
      "value": "SMOKE_LARGE"
    },
    "portalLuminance": 15,
    "portalSound": {
      "value": "block.portal.ambient"
    },
    "enableIgniter": true,
    "igniterName": "CALVINLANDS Portal Igniter",
    "igniterRarity": "EPIC",
    "specialInformation": {
      "fixedValue": []
    },
    "igniterTab": {
      "value": "CUSTOM:Ctab"
    },
    "texture": "ddddddddarrrrk",
    "portalTexture": "daaaaaaaaaaaaaaaark87",
    "enablePortal": true
  }
}