{
  "_fv": 60,
  "_type": "recipe",
  "definition": {
    "recipeType": "Crafting",
    "recipeRetstackSize": 3,
    "group": "",
    "cookingBookCategory": "MISC",
    "xpReward": 0.0,
    "cookingTime": 200,
    "craftingBookCategory": "MISC",
    "recipeShapeless": false,
    "recipeSlots": [
      {
        "value": "Blocks.REDSTONE_ORE"
      },
      {
        "value": "CUSTOM:Darkore"
      },
      {
        "value": "Blocks.REDSTONE_ORE"
      },
      {
        "value": ""
      },
      {
        "value": "CUSTOM:Darkore"
      },
      {
        "value": ""
      },
      {
        "value": "Items.DYE#18"
      },
      {
        "value": "Items.STICK"
      },
      {
        "value": "Items.DYE#18"
      }
    ],
    "recipeReturnStack": {
      "value": "CUSTOM:Darkwatersword"
    },
    "name": "darkorerecpie",
    "namespace": "mod"
  }
}