{
  "_fv": 60,
  "_type": "projectile",
  "definition": {
    "projectileItem": {
      "value": "CUSTOM:Speedstar"
    },
    "showParticles": true,
    "actionSound": {
      "value": "entity.arrow.shoot"
    },
    "igniteFire": true,
    "power": 1.0,
    "damage": 50.0,
    "knockback": 200,
    "entityModel": "Default",
    "customModelTexture": "",
    "onHitsBlock": {
      "name": "DarkstarProjectileHitsBlock"
    },
    "onHitsEntity": {
      "name": "DarkstarProjectileHitsLivingEntity"
    }
  }
}