{
  "_fv": 60,
  "_type": "recipe",
  "definition": {
    "recipeType": "Crafting",
    "recipeRetstackSize": 3,
    "group": "",
    "cookingBookCategory": "MISC",
    "xpReward": 0.0,
    "cookingTime": 200,
    "craftingBookCategory": "MISC",
    "recipeShapeless": false,
    "recipeSlots": [
      {
        "value": "Items.NETHERITE_INGOT"
      },
      {
        "value": "Items.DYE#18"
      },
      {
        "value": "Items.NETHERITE_INGOT"
      },
      {
        "value": "Items.GOLD_INGOT"
      },
      {
        "value": "CUSTOM:Darkore"
      },
      {
        "value": "Items.GOLD_INGOT"
      },
      {
        "value": "Items.DIAMOND"
      },
      {
        "value": "Blocks.CANDLE#12"
      },
      {
        "value": "Items.DIAMOND"
      }
    ],
    "recipeReturnStack": {
      "value": "CUSTOM:Speedstar"
    },
    "name": "darkstarrecipie",
    "namespace": "mod"
  }
}