{
  "_fv": 60,
  "_type": "tool",
  "definition": {
    "toolType": "Axe",
    "renderType": 0,
    "blockingRenderType": 0,
    "texture": "ererererererererererererewwwwww",
    "customModelName": "Normal",
    "blockingModelName": "Normal blocking",
    "name": "Extremearrowaxe",
    "specialInformation": {
      "fixedValue": []
    },
    "creativeTab": {
      "value": "CUSTOM:Ctab"
    },
    "harvestLevel": 1,
    "efficiency": 200.0,
    "attackSpeed": 20.0,
    "enchantability": 70,
    "damageVsEntity": 100.0,
    "usageCount": 100,
    "blocksAffected": [],
    "glowCondition": {
      "fixedValue": false
    },
    "repairItems": [],
    "immuneToFire": true,
    "stayInGridWhenCrafting": false,
    "damageOnCrafting": false,
    "onRightClickedInAir": {
      "name": "ExtremearrowaxeRightclicked"
    },
    "onRightClickedOnBlock": {
      "name": "ExtremearrowaxeRightclickedOnBlock"
    },
    "onEntityHitWith": {
      "name": "ExtremearrowaxeLivingEntityIsHitWithTool"
    }
  }
}