{
  "has_precipitation": false,
  "temperature": -1,
  "downfall": 0,
  "effects": {
    "foliage_color": -1,
    "grass_color": -13382656,
    "sky_color": -16776961,
    "fog_color": -16776961,
    "water_color": -16737895,
    "water_fog_color": -3407668
  },
  "spawners": {
    "monster": [],
    "creature": [],
    "ambient": [],
    "axolotls": [],
    "underground_water_creature": [],
    "water_creature": [],
    "water_ambient": [],
    "misc": []
  },
  "spawn_costs": {},
  "carvers": {},
  "features": [
    [],
    [],
    [],
    [],
    [],
    [],
    [],
    [],
    [],
    [],
    [
      "minecraft:freeze_top_layer"
    ]
  ]
}