{
  "_fv": 60,
  "_type": "armor",
  "definition": {
    "enableHelmet": true,
    "textureHelmet": "helm",
    "enableBody": true,
    "textureBody": "i",
    "enableLeggings": true,
    "textureLeggings": "ii",
    "enableBoots": true,
    "textureBoots": "iii",
    "creativeTab": {
      "value": "COMBAT"
    },
    "armorTextureFile": "ci",
    "helmetName": "Iradiumarmor Helmet",
    "bodyName": "Iradiumarmor Chestplate",
    "leggingsName": "Iradiumarmor Leggings",
    "bootsName": "Iradiumarmor Boots",
    "helmetSpecialInformation": {
      "fixedValue": []
    },
    "bodySpecialInformation": {
      "fixedValue": []
    },
    "leggingsSpecialInformation": {
      "fixedValue": []
    },
    "bootsSpecialInformation": {
      "fixedValue": []
    },
    "helmetModelName": "Default",
    "helmetModelPart": "Helmet",
    "helmetModelTexture": "From armor",
    "bodyModelName": "Default",
    "bodyModelPart": "Body",
    "armsModelPartL": "Arms L",
    "armsModelPartR": "Arms R",
    "bodyModelTexture": "From armor",
    "leggingsModelName": "Default",
    "leggingsModelPartL": "Leggings L",
    "leggingsModelPartR": "Leggings R",
    "leggingsModelTexture": "From armor",
    "bootsModelName": "Default",
    "bootsModelPartL": "Boots L",
    "bootsModelPartR": "Boots R",
    "bootsModelTexture": "From armor",
    "helmetItemRenderType": 0,
    "helmetItemCustomModelName": "Normal",
    "bodyItemRenderType": 0,
    "bodyItemCustomModelName": "Normal",
    "leggingsItemRenderType": 0,
    "leggingsItemCustomModelName": "Normal",
    "bootsItemRenderType": 0,
    "bootsItemCustomModelName": "Normal",
    "helmetImmuneToFire": false,
    "bodyImmuneToFire": false,
    "leggingsImmuneToFire": false,
    "bootsImmuneToFire": false,
    "helmetPiglinNeutral": {
      "fixedValue": false
    },
    "bodyPiglinNeutral": {
      "fixedValue": false
    },
    "leggingsPiglinNeutral": {
      "fixedValue": false
    },
    "bootsPiglinNeutral": {
      "fixedValue": false
    },
    "maxDamage": 205,
    "damageValueHelmet": 999,
    "damageValueBody": 999,
    "damageValueLeggings": 999,
    "damageValueBoots": 999,
    "enchantability": 100,
    "toughness": 4.6,
    "knockbackResistance": 5.0,
    "equipSound": {
      "value": "entity.enderdragon.death"
    },
    "repairItems": [
      {
        "value": "CUSTOM:Irei"
      }
    ]
  }
}