{
  "_fv": 60,
  "_type": "fluid",
  "definition": {
    "name": "Choclate milk",
    "bucketName": "Choclate milk Bucket",
    "textureStill": "choclate_milk",
    "textureFlowing": "marshmallow",
    "tintType": "Water",
    "canMultiply": true,
    "flowRate": 100,
    "levelDecrease": 5,
    "slopeFindDistance": 10,
    "spawnParticles": true,
    "dripParticle": {
      "value": "WATER_SPLASH"
    },
    "flowStrength": 25.0,
    "luminosity": 100,
    "density": 1234,
    "viscosity": 1234,
    "temperature": 1234,
    "type": "WATER",
    "generateBucket": true,
    "textureBucket": "choclate_milk_bucket",
    "creativeTab": {
      "value": "FOOD"
    },
    "emptySound": {
      "value": "item.bucket.fill"
    },
    "rarity": "EPIC",
    "specialInformation": {
      "fixedValue": []
    },
    "resistance": 1234.5,
    "luminance": 15,
    "lightOpacity": 15,
    "emissiveRendering": true,
    "tickRate": 123,
    "flammability": 123,
    "fireSpreadSpeed": 123,
    "colorOnMap": "PURPLE",
    "onBlockAdded": {
      "name": "Defeatcommand"
    },
    "onNeighbourChanges": {
      "name": "Defeatcommand"
    },
    "onTickUpdate": {
      "name": "Defeatcommand"
    },
    "onEntityCollides": {
      "name": "BulletProjectileHitsBlock"
    },
    "onRandomUpdateEvent": {
      "name": "Defeatcommand"
    },
    "onDestroyedByExplosion": {
      "name": "Defeatcommand"
    },
    "beforeReplacingBlock": {
      "name": "Defeatcommand"
    }
  }
}