{
  "_fv": 60,
  "_type": "biome",
  "definition": {
    "name": "Citybiome",
    "groundBlock": {
      "value": "Blocks.STONE#0"
    },
    "undergroundBlock": {
      "value": "Blocks.DEEPSLATE_COAL_ORE"
    },
    "underwaterBlock": {
      "value": "Blocks.DEEPSLATE_GOLD_ORE"
    },
    "airColor": {
      "value": -16711681,
      "falpha": 0.0
    },
    "grassColor": {
      "value": -3355444,
      "falpha": 0.0
    },
    "foliageColor": {
      "value": -16737997,
      "falpha": 0.0
    },
    "waterColor": {
      "value": -13382656,
      "falpha": 0.0
    },
    "waterFogColor": {
      "value": -6710887,
      "falpha": 0.0
    },
    "ambientSound": {
      "value": "block.end_portal.spawn"
    },
    "additionsSound": {
      "value": "block.note_block.imitate.ender_dragon"
    },
    "music": {
      "value": "block.end_portal_frame.fill"
    },
    "moodSound": {
      "value": "entity.enderdragon.death"
    },
    "moodSoundDelay": 10000,
    "spawnParticles": true,
    "particleToSpawn": {
      "value": "DRIP_LAVA"
    },
    "particlesProbability": 100.0,
    "rainingPossibility": 1.0,
    "temperature": 2.0,
    "spawnBiome": true,
    "spawnInCaves": false,
    "spawnBiomeNether": true,
    "genTemperature": {
      "min": -1.0,
      "max": 1.0
    },
    "genHumidity": {
      "min": -1.0,
      "max": 1.0
    },
    "genContinentalness": {
      "min": 0.0,
      "max": 1.0
    },
    "genErosion": {
      "min": -0.0,
      "max": 1.0
    },
    "genWeirdness": {
      "min": -1.0,
      "max": 1.0
    },
    "treesPerChunk": 64,
    "vanillaTreeType": "Birch trees",
    "treeType": 1,
    "minHeight": 10,
    "treeStem": {
      "value": "Blocks.STRIPPED_CRIMSON_STEM"
    },
    "treeBranch": {
      "value": "Blocks.STRIPPED_CRIMSON_STEM"
    },
    "treeVines": {
      "value": "Blocks.TWISTING_VINES"
    },
    "treeFruits": {
      "value": "Blocks.CANDLE_CAKE#11"
    },
    "defaultFeatures": [
      "Caves",
      "Ores",
      "FrozenTopLayer"
    ],
    "spawnStronghold": true,
    "spawnMineshaft": true,
    "spawnMineshaftMesa": true,
    "spawnPillagerOutpost": true,
    "villageType": "snowy",
    "spawnWoodlandMansion": true,
    "spawnJungleTemple": true,
    "spawnDesertPyramid": true,
    "spawnSwampHut": true,
    "spawnIgloo": true,
    "spawnOceanMonument": true,
    "spawnShipwreck": true,
    "spawnShipwreckBeached": true,
    "spawnBuriedTreasure": true,
    "oceanRuinType": "COLD",
    "spawnNetherBridge": true,
    "spawnNetherFossil": true,
    "spawnBastionRemnant": true,
    "spawnEndCity": true,
    "spawnRuinedPortal": "MOUNTAIN",
    "spawnEntries": [
      {
        "entity": {
          "value": "CUSTOM:Camman18"
        },
        "minGroup": 1000,
        "maxGroup": 1000,
        "weight": 123,
        "spawnType": "creature"
      }
    ]
  }
}