{
  "_fv": 60,
  "_type": "command",
  "definition": {
    "commandName": "defeat",
    "type": "STANDARD",
    "permissionLevel": "No requirement",
    "argsxml": "<xml xmlns=\"https://developers.google.com/blockly/xml\"><block type=\"args_start\" deletable=\"false\" x=\"40\" y=\"40\"><next><block type=\"blockpos\"><field name=\"name\">pos</field><statement name=\"args\"><block type=\"call_procedure\"><field name=\"procedure\">Defeatcommand</field></block></statement></block></next></block></xml>"
  }
}