{
  "_fv": 60,
  "_type": "tool",
  "definition": {
    "toolType": "Sword",
    "renderType": 0,
    "blockingRenderType": 0,
    "texture": "knife",
    "customModelName": "Normal",
    "blockingModelName": "Normal blocking",
    "name": "Knife",
    "specialInformation": {
      "fixedValue": []
    },
    "creativeTab": {
      "value": "COMBAT"
    },
    "harvestLevel": 1234,
    "efficiency": 1234.5,
    "attackSpeed": 12.299999999999999,
    "enchantability": 1234,
    "damageVsEntity": 1234.0,
    "usageCount": 123,
    "blocksAffected": [],
    "glowCondition": {
      "fixedValue": true
    },
    "repairItems": [],
    "immuneToFire": true,
    "stayInGridWhenCrafting": true,
    "damageOnCrafting": true,
    "onRightClickedInAir": {
      "name": "BulletProjectileHitsBlock"
    },
    "onRightClickedOnBlock": {
      "name": "BulletProjectileHitsBlock"
    },
    "onCrafted": {
      "name": "BulletProjectileHitsBlock"
    },
    "onEntityHitWith": {
      "name": "BulletProjectileHitsBlock"
    },
    "onItemInInventoryTick": {
      "name": "BulletProjectileHitsBlock"
    },
    "onItemInUseTick": {
      "name": "BulletProjectileHitsBlock"
    },
    "onBlockDestroyedWithTool": {
      "name": "BulletProjectileHitsBlock"
    },
    "onEntitySwing": {
      "name": "BulletProjectileHitsBlock"
    }
  }
}