{
  "type": "minecraft:block",
  "random_sequence": "calvin_hagerman_mod:blocks/darkpoisin",
  "pools": [
    {
      "rolls": 1.0,
      "entries": [
        {
          "type": "minecraft:item",
          "name": "calvin_hagerman_mod:darkpoisin",
          "functions": [
            {
              "count": 10,
              "function": "minecraft:set_count"
            },
            {
              "function": "minecraft:explosion_decay"
            }
          ]
        }
      ]
    }
  ]
}