{
  "parent": "block/cube",
  "textures": {
    "down": "cooper_scales_mod:block/deepslate_replaces_cobble_texture",
    "up": "cooper_scales_mod:block/deepslate_replaces_cobble_texture",
    "north": "cooper_scales_mod:block/deepslate_replaces_cobble_texture",
    "east": "cooper_scales_mod:block/deepslate_replaces_cobble_texture",
    "south": "cooper_scales_mod:block/deepslate_replaces_cobble_texture",
    "west": "cooper_scales_mod:block/deepslate_replaces_cobble_texture",
    "particle": "cooper_scales_mod:block/deepslate_replaces_cobble_texture"
  },
  "render_type": "solid"
}