{
  "_fv": 60,
  "_type": "tool",
  "definition": {
    "toolType": "Sword",
    "renderType": 0,
    "blockingRenderType": 0,
    "texture": "rip",
    "customModelName": "Normal",
    "blockingModelName": "Normal blocking",
    "name": "Rip",
    "specialInformation": {
      "fixedValue": []
    },
    "creativeTab": {
      "value": "COMBAT"
    },
    "harvestLevel": 85,
    "efficiency": 90.0,
    "attackSpeed": 43.300000000000004,
    "enchantability": 12,
    "damageVsEntity": 2228.4,
    "usageCount": 133,
    "blocksAffected": [],
    "glowCondition": {
      "fixedValue": true
    },
    "repairItems": [],
    "immuneToFire": true,
    "stayInGridWhenCrafting": true,
    "damageOnCrafting": false,
    "onRightClickedOnBlock": {
      "name": "RipRightclickedOnBlock"
    },
    "onEntityHitWith": {
      "name": "RipRightclicked"
    }
  }
}