{
  "_fv": 60,
  "_type": "projectile",
  "definition": {
    "projectileItem": {
      "value": "Blocks.LIGHTNING_ROD"
    },
    "showParticles": false,
    "actionSound": {
      "value": "entity.arrow.shoot"
    },
    "igniteFire": false,
    "power": 100.0,
    "damage": 5.0,
    "knockback": 5,
    "entityModel": "Default",
    "customModelTexture": "",
    "onHitsBlock": {
      "name": "YourdeadProjectileHitsBlock"
    },
    "onHitsPlayer": {
      "name": "YourdeadProjectileHitsBlock"
    },
    "onHitsEntity": {
      "name": "YourdeadProjectileHitsBlock"
    }
  }
}