{
  "_fv": 60,
  "_type": "projectile",
  "definition": {
    "projectileItem": {
      "value": "CUSTOM:NINJA"
    },
    "showParticles": false,
    "actionSound": {
      "value": "entity.arrow.shoot"
    },
    "igniteFire": true,
    "power": 1.0,
    "damage": 9000.0,
    "knockback": 50,
    "entityModel": "Default",
    "customModelTexture": "",
    "onHitsBlock": {
      "name": "Ninja2WhileProjectileFlyingTick"
    },
    "onHitsPlayer": {
      "name": "Ninja2WhileProjectileFlyingTick"
    },
    "onHitsEntity": {
      "name": "Ninja2WhileProjectileFlyingTick"
    },
    "onFlyingTick": {
      "name": "Ninja2WhileProjectileFlyingTick"
    }
  }
}