{
  "has_precipitation": false,
  "temperature": 1,
  "downfall": 0,
  "effects": {
    "foliage_color": -16751002,
    "grass_color": -16737895,
    "sky_color": -16751002,
    "fog_color": -16751002,
    "water_color": -16751002,
    "water_fog_color": -16751002
  },
  "spawners": {
    "monster": [
      {
        "type": "allay",
        "weight": 20,
        "minCount": 4,
        "maxCount": 4
      },
      {
        "type": "bat",
        "weight": 20,
        "minCount": 4,
        "maxCount": 4
      },
      {
        "type": "blaze",
        "weight": 20,
        "minCount": 4,
        "maxCount": 4
      },
      {
        "type": "cat",
        "weight": 20,
        "minCount": 4,
        "maxCount": 4
      },
      {
        "type": "pig",
        "weight": 20,
        "minCount": 4,
        "maxCount": 4
      },
      {
        "type": "parrot",
        "weight": 20,
        "minCount": 4,
        "maxCount": 4
      }
    ],
    "creature": [
      {
        "type": "sniffer",
        "weight": 20,
        "minCount": 4,
        "maxCount": 4
      }
    ],
    "ambient": [],
    "axolotls": [],
    "underground_water_creature": [],
    "water_creature": [],
    "water_ambient": [],
    "misc": []
  },
  "spawn_costs": {},
  "carvers": {},
  "features": [
    [],
    [],
    [],
    [],
    [],
    [],
    [],
    [],
    [],
    [
      "cooper_scales_mod:dark_tree"
    ],
    [
      "minecraft:freeze_top_layer"
    ]
  ]
}