{
  "_fv": 60,
  "_type": "projectile",
  "definition": {
    "projectileItem": {
      "value": "CUSTOM:Firestar"
    },
    "showParticles": false,
    "actionSound": {
      "value": "entity.arrow.shoot"
    },
    "igniteFire": true,
    "power": 4.0,
    "damage": 100.0,
    "knockback": 10,
    "entityModel": "Default",
    "customModelTexture": "",
    "onHitsBlock": {
      "name": "Firestar2ProjectileHitsBlock"
    },
    "onHitsEntity": {
      "name": "Firestar2ProjectileHitsLivingEntity"
    }
  }
}