{
  "_fv": 60,
  "_type": "projectile",
  "definition": {
    "projectileItem": {
      "value": "CUSTOM:Firestar"
    },
    "showParticles": false,
    "actionSound": {
      "value": "entity.arrow.shoot"
    },
    "igniteFire": true,
    "power": 5.0,
    "damage": 100.0,
    "knockback": 50,
    "entityModel": "Default",
    "customModelTexture": "",
    "onHitsBlock": {
      "name": "FireninjastarProjectileHitsBlock"
    },
    "onHitsEntity": {
      "name": "FireninjastarProjectileHitsLivingEntity"
    }
  }
}