{
  "_fv": 60,
  "_type": "tool",
  "definition": {
    "toolType": "Axe",
    "renderType": 0,
    "blockingRenderType": 0,
    "texture": "lgithingaxe",
    "customModelName": "Normal",
    "blockingModelName": "Normal blocking",
    "name": "LIGHTINGAXE",
    "specialInformation": {
      "fixedValue": []
    },
    "creativeTab": {
      "value": "CUSTOM:Atab"
    },
    "harvestLevel": 1,
    "efficiency": 4.0,
    "attackSpeed": 1.0,
    "enchantability": 2,
    "damageVsEntity": 4.0,
    "usageCount": 100,
    "blocksAffected": [],
    "glowCondition": {
      "fixedValue": false
    },
    "repairItems": [],
    "immuneToFire": false,
    "stayInGridWhenCrafting": false,
    "damageOnCrafting": false,
    "onRightClickedOnBlock": {
      "name": "LIGHTINGAXERightclickedOnBlock"
    },
    "onEntityHitWith": {
      "name": "LIGHTINGAXELivingEntityIsHitWithTool"
    },
    "onBlockDestroyedWithTool": {
      "name": "LIGHTINGAXEBlockDestroyedWithTool"
    }
  }
}