{
  "_fv": 60,
  "_type": "projectile",
  "definition": {
    "projectileItem": {
      "value": "CUSTOM:Ninja"
    },
    "showParticles": true,
    "actionSound": {
      "value": "entity.arrow.shoot"
    },
    "igniteFire": false,
    "power": 4.0,
    "damage": 50.0,
    "knockback": 5,
    "entityModel": "Default",
    "customModelTexture": "",
    "onHitsBlock": {
      "name": "NinjastarProjectileHitsBlock2"
    },
    "onHitsEntity": {
      "name": "NinjastarProjectileHitsLivingEntity"
    }
  }
}