{
  "_fv": 60,
  "_type": "recipe",
  "definition": {
    "recipeType": "Crafting",
    "recipeRetstackSize": 1,
    "group": "",
    "cookingBookCategory": "MISC",
    "xpReward": 0.0,
    "cookingTime": 200,
    "craftingBookCategory": "MISC",
    "recipeShapeless": false,
    "recipeSlots": [
      {
        "value": "CUSTOM:Ninja"
      },
      {
        "value": "CUSTOM:Firestar"
      },
      {
        "value": "CUSTOM:Ninja"
      },
      {
        "value": "CUSTOM:Firestar"
      },
      {
        "value": "Blocks.SOUL_CAMPFIRE"
      },
      {
        "value": "CUSTOM:Firestar"
      },
      {
        "value": "CUSTOM:Ninja"
      },
      {
        "value": "CUSTOM:Firestar"
      },
      {
        "value": "CUSTOM:Ninja"
      }
    ],
    "recipeReturnStack": {
      "value": "CUSTOM:Ninja2.spawn_egg"
    },
    "name": "ninjaspawneggrecipe",
    "namespace": "mod"
  }
}