{
  "_fv": 60,
  "_type": "armor",
  "definition": {
    "enableHelmet": true,
    "textureHelmet": "spickyarmor_head",
    "enableBody": true,
    "textureBody": "spickyarmor_body",
    "enableLeggings": true,
    "textureLeggings": "spickyarmor_leggings",
    "enableBoots": true,
    "textureBoots": "spickyarmor_boots",
    "onHelmetTick": {
      "name": "SpickyarmorHelmetTickEvent2"
    },
    "onBodyTick": {
      "name": "SpickyarmorChestplateTickEvent2"
    },
    "onLeggingsTick": {
      "name": "SpickyarmorLeggingsTickEvent"
    },
    "onBootsTick": {
      "name": "SpickyarmorBootsTickEvent"
    },
    "creativeTab": {
      "value": "CUSTOM:Atab"
    },
    "armorTextureFile": "spickyarmor",
    "helmetName": "Spicky Helmet",
    "bodyName": "Spicky Chestplate",
    "leggingsName": "Spicky Leggings",
    "bootsName": "Spicky Boots",
    "helmetSpecialInformation": {
      "fixedValue": []
    },
    "bodySpecialInformation": {
      "fixedValue": []
    },
    "leggingsSpecialInformation": {
      "fixedValue": []
    },
    "bootsSpecialInformation": {
      "fixedValue": []
    },
    "helmetModelName": "Default",
    "helmetModelPart": "Helmet",
    "helmetModelTexture": "From armor",
    "bodyModelName": "Default",
    "bodyModelPart": "Body",
    "armsModelPartL": "Arms L",
    "armsModelPartR": "Arms R",
    "bodyModelTexture": "From armor",
    "leggingsModelName": "Default",
    "leggingsModelPartL": "Leggings L",
    "leggingsModelPartR": "Leggings R",
    "leggingsModelTexture": "From armor",
    "bootsModelName": "Default",
    "bootsModelPartL": "Boots L",
    "bootsModelPartR": "Boots R",
    "bootsModelTexture": "From armor",
    "helmetItemRenderType": 0,
    "helmetItemCustomModelName": "Normal",
    "bodyItemRenderType": 0,
    "bodyItemCustomModelName": "Normal",
    "leggingsItemRenderType": 0,
    "leggingsItemCustomModelName": "Normal",
    "bootsItemRenderType": 0,
    "bootsItemCustomModelName": "Normal",
    "helmetImmuneToFire": false,
    "bodyImmuneToFire": false,
    "leggingsImmuneToFire": false,
    "bootsImmuneToFire": false,
    "helmetPiglinNeutral": {
      "fixedValue": false
    },
    "bodyPiglinNeutral": {
      "fixedValue": false
    },
    "leggingsPiglinNeutral": {
      "fixedValue": false
    },
    "bootsPiglinNeutral": {
      "fixedValue": false
    },
    "maxDamage": 55,
    "damageValueHelmet": 2,
    "damageValueBody": 6,
    "damageValueLeggings": 5,
    "damageValueBoots": 2,
    "enchantability": 22,
    "toughness": 5.0,
    "knockbackResistance": 2.0,
    "equipSound": {
      "value": ""
    },
    "repairItems": []
  }
}