{
  "_fv": 60,
  "_type": "projectile",
  "definition": {
    "projectileItem": {
      "value": "CUSTOM:Tnt"
    },
    "showParticles": false,
    "actionSound": {
      "value": "entity.arrow.shoot"
    },
    "igniteFire": true,
    "power": 2.0,
    "damage": 50.0,
    "knockback": 10,
    "entityModel": "Default",
    "customModelTexture": "",
    "onHitsBlock": {
      "name": "TntarrowProjectileHitsBlock"
    },
    "onHitsPlayer": {
      "name": "TntarrowProjectileHitsPlayer"
    },
    "onHitsEntity": {
      "name": "TntarrowProjectileHitsLivingEntity"
    }
  }
}